ntfs_image,name,status,size
0,real_0000.jpg,missing,6472
0,real_0001.jpg,missing,20939
0,real_0002.jpg,missing,766588
0,real_0003.jpg,missing,514969
0,real_0004.jpg,missing,21399
0,real_0005.jpg,missing,1695102
0,real_0006.jpg,missing,9116336
0,real_0007.jpg,missing,3668893
0,real_0008.jpg,missing,4512
0,real_0009.jpg,missing,36602
0,real_0010.jpg,missing,5871902
0,real_0011.jpg,missing,1890
0,real_0012.jpg,missing,180689
0,real_0013.jpg,missing,23550
0,real_0014.jpg,missing,13621
0,real_0015.jpg,missing,112138
0,real_0016.jpg,missing,73731
0,real_0017.jpg,missing,13469773
0,real_0018.jpg,missing,12228
0,real_0019.jpg,missing,7268358
0,real_0020.jpg,missing,3473397
0,real_0021.jpg,missing,461935
0,real_0022.jpg,missing,844267
0,real_0023.jpg,missing,3965
0,real_0024.jpg,missing,92773
0,real_0025.jpg,missing,16842
0,real_0026.jpg,missing,5347
0,real_0027.jpg,missing,2712053
0,real_0028.jpg,missing,7094
0,real_0029.jpg,missing,3460
0,real_0030.jpg,missing,1615
0,real_0031.jpg,missing,159603
0,real_0032.jpg,missing,602243
0,real_0033.jpg,missing,296406
0,real_0034.jpg,missing,2892886
0,real_0035.jpg,missing,15879
0,real_0036.jpg,missing,1696
0,real_0037.jpg,missing,2268126
0,real_0038.jpg,missing,2620
0,real_0039.jpg,missing,794923
0,real_0040.jpg,missing,8612536
0,real_0041.jpg,missing,321426
0,real_0042.jpg,missing,7634379
0,real_0043.jpg,missing,9775
0,real_0044.jpg,missing,57652
0,real_0045.jpg,missing,1128061
0,real_0046.jpg,missing,20009
0,real_0047.jpg,missing,85263
0,real_0048.jpg,missing,250878
0,real_0049.jpg,missing,1722513
1,real_0050.jpg,missing,11082
1,real_0051.jpg,missing,72990
1,real_0052.jpg,missing,1291825
1,real_0053.jpg,missing,18790
1,real_0054.jpg,missing,1143396
1,real_0055.jpg,missing,87666
1,real_0056.jpg,missing,121038
1,real_0057.jpg,missing,54684
1,real_0058.jpg,missing,55036
1,real_0059.jpg,missing,5088
1,real_0060.jpg,missing,4790980
1,real_0061.jpg,missing,3659688
1,real_0062.jpg,missing,1101539
1,real_0063.jpg,missing,602415
1,real_0064.jpg,missing,559657
1,real_0065.jpg,missing,996544
1,real_0066.jpg,missing,32681
1,real_0067.jpg,missing,1122382
1,real_0068.jpg,missing,75650
1,real_0069.jpg,missing,43614
1,real_0070.jpg,missing,15800
1,real_0071.jpg,missing,2107379
1,real_0072.jpg,missing,945507
1,real_0073.jpg,missing,1055766
1,real_0074.jpg,missing,459740
1,real_0075.jpg,missing,3070953
1,real_0076.jpg,missing,38879
1,real_0077.jpg,missing,1855936
1,real_0078.jpg,missing,1531592
1,real_0079.jpg,missing,103004
1,real_0080.jpg,missing,648790
1,real_0081.jpg,missing,122827
1,real_0082.jpg,missing,3294253
1,real_0083.jpg,missing,185610
1,real_0084.jpg,missing,9022
1,real_0085.jpg,missing,435940
1,real_0086.jpg,missing,5843845
1,real_0087.jpg,missing,178901
1,real_0088.jpg,missing,108804
1,real_0089.jpg,missing,53726
1,real_0090.jpg,missing,52624
1,real_0091.jpg,missing,449800
1,real_0092.jpg,missing,9544
1,real_0093.jpg,missing,8181
1,real_0094.jpg,missing,6836994
1,real_0095.jpg,missing,1112705
1,real_0096.jpg,missing,466037
1,real_0097.jpg,missing,28418
1,real_0098.jpg,missing,44141
1,real_0099.jpg,missing,7859
2,real_0100.jpg,missing,23237
2,real_0101.jpg,missing,751117
2,real_0102.jpg,missing,1039104
2,real_0103.jpg,missing,8088
2,real_0104.jpg,missing,3281412
2,real_0105.jpg,missing,228883
2,real_0106.jpg,missing,32255
2,real_0107.jpg,missing,635797
2,real_0108.jpg,missing,483736
2,real_0109.jpg,missing,1178
2,real_0110.jpg,missing,52216
2,real_0111.jpg,missing,36475
2,real_0112.jpg,missing,76262
2,real_0113.jpg,missing,808496
2,real_0114.jpg,missing,129356
2,real_0115.jpg,missing,27624
2,real_0116.jpg,missing,121339
2,real_0117.jpg,missing,24627
2,real_0118.jpg,missing,38909
2,real_0119.jpg,missing,1245993
2,real_0120.jpg,missing,12041
2,real_0121.jpg,missing,4282623
2,real_0122.jpg,missing,42224
2,real_0123.jpg,missing,6056
2,real_0124.jpg,missing,16834
2,real_0125.jpg,missing,37712
2,real_0126.jpg,missing,37223
2,real_0127.jpg,missing,34119
2,real_0128.jpg,missing,262641
2,real_0129.jpg,missing,7621
2,real_0130.jpg,missing,3537
2,real_0131.jpg,missing,3062625
2,real_0132.jpg,missing,16419
2,real_0133.jpg,missing,392831
2,real_0134.jpg,missing,1097782
2,real_0135.jpg,missing,28391
2,real_0136.jpg,missing,27838
2,real_0137.jpg,missing,42837
2,real_0138.jpg,missing,263476
2,real_0139.jpg,missing,321207
2,real_0140.jpg,missing,4664386
2,real_0141.jpg,missing,23369
2,real_0142.jpg,missing,235109
2,real_0143.jpg,missing,182748
2,real_0144.jpg,missing,1071727
2,real_0145.jpg,missing,4904
2,real_0146.jpg,missing,81206
2,real_0147.jpg,missing,257014
2,real_0148.jpg,missing,127303
2,real_0149.jpg,missing,940089
3,real_0150.jpg,missing,2088662
3,real_0151.jpg,missing,4222
3,real_0152.jpg,missing,1644
3,real_0153.jpg,missing,210004
3,real_0154.jpg,missing,17112
3,real_0155.jpg,missing,24998
3,real_0156.jpg,missing,4830515
3,real_0157.jpg,missing,9061251
3,real_0158.jpg,missing,5349
3,real_0159.jpg,missing,932089
3,real_0160.jpg,missing,1461
3,real_0161.jpg,missing,2421448
3,real_0162.jpg,missing,798513
3,real_0163.jpg,missing,132847
3,real_0164.jpg,missing,32190
3,real_0165.jpg,missing,505966
3,real_0166.jpg,missing,10190986
3,real_0167.jpg,missing,7655776
3,real_0168.jpg,missing,3792672
3,real_0169.jpg,missing,26077
3,real_0170.jpg,missing,7247
3,real_0171.jpg,missing,1098
3,real_0172.jpg,missing,23608
3,real_0173.jpg,missing,18471
3,real_0174.jpg,missing,17120
3,real_0175.jpg,missing,46098
3,real_0176.jpg,missing,11501170
3,real_0177.jpg,missing,24977
3,real_0178.jpg,missing,501385
3,real_0179.jpg,missing,1765443
3,real_0180.jpg,missing,375150
3,real_0181.jpg,missing,97502
3,real_0182.jpg,missing,4212
3,real_0183.jpg,missing,5080
3,real_0184.jpg,missing,1242058
3,real_0185.jpg,missing,61259
3,real_0186.jpg,missing,375659
3,real_0187.jpg,missing,34932
3,real_0188.jpg,missing,13812
3,real_0189.jpg,missing,12747
3,real_0190.jpg,missing,1006946
3,real_0191.jpg,missing,58953
3,real_0192.jpg,missing,433271
3,real_0193.jpg,missing,42700
3,real_0194.jpg,missing,25685
3,real_0195.jpg,missing,303615
3,real_0196.jpg,missing,4065
3,real_0197.jpg,missing,8395
3,real_0198.jpg,missing,87494
3,real_0199.jpg,missing,1293
4,real_0200.jpg,missing,366408
4,real_0201.jpg,missing,4086
4,real_0202.jpg,missing,2880261
4,real_0203.jpg,missing,1307182
4,real_0204.jpg,missing,328173
4,real_0205.jpg,missing,53383
4,real_0206.jpg,missing,638145
4,real_0207.jpg,missing,91997
4,real_0208.jpg,missing,14282
4,real_0209.jpg,missing,142786
4,real_0210.jpg,missing,39321
4,real_0211.jpg,missing,658841
4,real_0212.jpg,missing,786825
4,real_0213.jpg,missing,11273
4,real_0214.jpg,missing,9982
4,real_0215.jpg,missing,171626
4,real_0216.jpg,missing,4550
4,real_0217.jpg,missing,49024
4,real_0218.jpg,missing,10724
4,real_0219.jpg,missing,3379541
4,real_0220.jpg,missing,33686
4,real_0221.jpg,missing,1653848
4,real_0222.jpg,missing,258217
4,real_0223.jpg,missing,150827
4,real_0224.jpg,missing,462680
4,real_0225.jpg,missing,78329
4,real_0226.jpg,missing,29923
4,real_0227.jpg,missing,67855
4,real_0228.jpg,missing,79135
4,real_0229.jpg,missing,1537
4,real_0230.jpg,missing,4906
4,real_0231.jpg,missing,5544
4,real_0232.jpg,missing,1804
4,real_0233.jpg,missing,753869
4,real_0234.jpg,missing,796376
4,real_0235.jpg,missing,3752
4,real_0236.jpg,missing,174109
4,real_0237.jpg,missing,204043
4,real_0238.jpg,missing,2410814
4,real_0239.jpg,missing,1111279
4,real_0240.jpg,missing,73648
4,real_0241.jpg,missing,25363
4,real_0242.jpg,missing,23849
4,real_0243.jpg,missing,9721
4,real_0244.jpg,missing,99515
4,real_0245.jpg,missing,30934
4,real_0246.jpg,missing,174837
4,real_0247.jpg,missing,36753
4,real_0248.jpg,missing,34036
4,real_0249.jpg,missing,55713
5,real_0250.jpg,missing,820757
5,real_0251.jpg,missing,7100
5,real_0252.jpg,missing,1621157
5,real_0253.jpg,missing,140504
5,real_0254.jpg,missing,2342781
5,real_0255.jpg,missing,21374
5,real_0256.jpg,missing,1394
5,real_0257.jpg,missing,5394
5,real_0258.jpg,missing,656936
5,real_0259.jpg,missing,1942071
5,real_0260.jpg,missing,100260
5,real_0261.jpg,missing,1582796
5,real_0262.jpg,missing,59576
5,real_0263.jpg,missing,472908
5,real_0264.jpg,missing,8368
5,real_0265.jpg,missing,1299479
5,real_0266.jpg,missing,12688
5,real_0267.jpg,missing,714790
5,real_0268.jpg,missing,57383
5,real_0269.jpg,missing,36909
5,real_0270.jpg,missing,59721
5,real_0271.jpg,missing,159888
5,real_0272.jpg,missing,145394
5,real_0273.jpg,missing,348044
5,real_0274.jpg,missing,46517
5,real_0275.jpg,missing,39457
5,real_0276.jpg,missing,1903
5,real_0277.jpg,missing,365245
5,real_0278.jpg,missing,5710
5,real_0279.jpg,missing,1045717
5,real_0280.jpg,missing,578025
5,real_0281.jpg,missing,41689
5,real_0282.jpg,missing,20412
5,real_0283.jpg,missing,260159
5,real_0284.jpg,missing,199699
5,real_0285.jpg,missing,52557
5,real_0286.jpg,missing,422164
5,real_0287.jpg,missing,818811
5,real_0288.jpg,missing,34776
5,real_0289.jpg,missing,559020
5,real_0290.jpg,missing,42989
5,real_0291.jpg,missing,46408
5,real_0292.jpg,missing,44177
5,real_0293.jpg,missing,1670878
5,real_0294.jpg,missing,272515
5,real_0295.jpg,missing,7312703
5,real_0296.jpg,missing,6302
5,real_0297.jpg,missing,61028
5,real_0298.jpg,missing,32194
5,real_0299.jpg,missing,121965
6,real_0300.jpg,missing,4438
6,real_0301.jpg,missing,70673
6,real_0302.jpg,missing,37519
6,real_0303.jpg,missing,694355
6,real_0304.jpg,missing,916641
6,real_0305.jpg,missing,5317
6,real_0306.jpg,missing,3238253
6,real_0307.jpg,missing,285422
6,real_0308.jpg,missing,41429
6,real_0309.jpg,missing,2014
6,real_0310.jpg,missing,54169
6,real_0311.jpg,missing,12078
6,real_0312.jpg,missing,532003
6,real_0313.jpg,missing,38864
6,real_0314.jpg,missing,3642
6,real_0315.jpg,missing,498667
6,real_0316.jpg,missing,2705409
6,real_0317.jpg,missing,2472704
6,real_0318.jpg,missing,12254
6,real_0319.jpg,missing,4180
6,real_0320.jpg,missing,9845
6,real_0321.jpg,missing,95821
6,real_0322.jpg,missing,36220
6,real_0323.jpg,missing,356848
6,real_0324.jpg,missing,200062
6,real_0325.jpg,missing,11168747
6,real_0326.jpg,missing,69006
6,real_0327.jpg,missing,4040
6,real_0328.jpg,missing,690855
6,real_0329.jpg,missing,7607731
6,real_0330.jpg,missing,1531466
6,real_0331.jpg,missing,10345710
6,real_0332.jpg,missing,18110
6,real_0333.jpg,missing,50400
6,real_0334.jpg,missing,351423
6,real_0335.jpg,missing,406923
6,real_0336.jpg,missing,8133
6,real_0337.jpg,missing,38458
6,real_0338.jpg,missing,283018
6,real_0339.jpg,missing,88554
6,real_0340.jpg,missing,5346
6,real_0341.jpg,missing,2743874
6,real_0342.jpg,missing,1523357
6,real_0343.jpg,missing,185883
6,real_0344.jpg,missing,447026
6,real_0345.jpg,missing,28804
6,real_0346.jpg,missing,8119
6,real_0347.jpg,missing,2439177
6,real_0348.jpg,missing,28434
6,real_0349.jpg,missing,35538
7,real_0350.jpg,missing,1828
7,real_0351.jpg,missing,611815
7,real_0352.jpg,missing,325410
7,real_0353.jpg,missing,341048
7,real_0354.jpg,missing,317821
7,real_0355.jpg,missing,18525
7,real_0356.jpg,missing,14602
7,real_0357.jpg,missing,3701496
7,real_0358.jpg,missing,280154
7,real_0359.jpg,missing,3087709
7,real_0360.jpg,missing,23006
7,real_0361.jpg,missing,3073
7,real_0362.jpg,missing,32221
7,real_0363.jpg,missing,1031592
7,real_0364.jpg,missing,3150
7,real_0365.jpg,missing,13212
7,real_0366.jpg,missing,2067164
7,real_0367.jpg,missing,396575
7,real_0368.jpg,missing,482923
7,real_0369.jpg,missing,81208
7,real_0370.jpg,missing,23413
7,real_0371.jpg,missing,933301
7,real_0372.jpg,missing,16366
7,real_0373.jpg,missing,33599
7,real_0374.jpg,missing,82099
7,real_0375.jpg,missing,203388
7,real_0376.jpg,missing,47794
7,real_0377.jpg,missing,7985224
7,real_0378.jpg,missing,148512
7,real_0379.jpg,missing,76715
7,real_0380.jpg,missing,1377686
7,real_0381.jpg,missing,7355
7,real_0382.jpg,missing,1084795
7,real_0383.jpg,missing,21444
7,real_0384.jpg,missing,874624
7,real_0385.jpg,missing,10864
7,real_0386.jpg,missing,262545
7,real_0387.jpg,missing,31498
7,real_0388.jpg,missing,15498
7,real_0389.jpg,missing,16578
7,real_0390.jpg,missing,599840
7,real_0391.jpg,missing,566269
7,real_0392.jpg,missing,67819
7,real_0393.jpg,missing,32658
7,real_0394.jpg,missing,46533
7,real_0395.jpg,missing,570966
7,real_0396.jpg,missing,2067
7,real_0397.jpg,missing,981342
7,real_0398.jpg,missing,6215062
7,real_0399.jpg,missing,23723
8,real_0400.jpg,missing,511821
8,real_0401.jpg,missing,27848
8,real_0402.jpg,missing,4115
8,real_0403.jpg,missing,12512
8,real_0404.jpg,missing,36894
8,real_0405.jpg,missing,1533077
8,real_0406.jpg,missing,1622454
8,real_0407.jpg,missing,2867379
8,real_0408.jpg,missing,3761
8,real_0409.jpg,missing,32504
8,real_0410.jpg,missing,957841
8,real_0411.jpg,missing,80348
8,real_0412.jpg,missing,23575
8,real_0413.jpg,missing,135888
8,real_0414.jpg,missing,2364882
8,real_0415.jpg,missing,1568871
8,real_0416.jpg,missing,2257589
8,real_0417.jpg,missing,949629
8,real_0418.jpg,missing,1036417
8,real_0419.jpg,missing,3239807
8,real_0420.jpg,missing,9475
8,real_0421.jpg,missing,69836
8,real_0422.jpg,missing,29992
8,real_0423.jpg,missing,2055
8,real_0424.jpg,missing,48558
8,real_0425.jpg,missing,1674568
8,real_0426.jpg,missing,21204
8,real_0427.jpg,missing,91526
8,real_0428.jpg,missing,118333
8,real_0429.jpg,missing,633112
8,real_0430.jpg,missing,2455401
8,real_0431.jpg,missing,635797
8,real_0432.jpg,missing,30241
8,real_0433.jpg,missing,10273
8,real_0434.jpg,missing,2503044
8,real_0435.jpg,missing,269765
8,real_0436.jpg,missing,6108744
8,real_0437.jpg,missing,22097
8,real_0438.jpg,missing,351124
8,real_0439.jpg,missing,3367
8,real_0440.jpg,missing,2265627
8,real_0441.jpg,missing,1467
8,real_0442.jpg,missing,142872
8,real_0443.jpg,missing,15458
8,real_0444.jpg,missing,67518
8,real_0445.jpg,missing,3860
8,real_0446.jpg,missing,4897164
8,real_0447.jpg,missing,96428
8,real_0448.jpg,missing,1690426
8,real_0449.jpg,missing,1308226
9,real_0450.jpg,missing,46773
9,real_0451.jpg,missing,5209459
9,real_0452.jpg,missing,4632889
9,real_0453.jpg,missing,7085
9,real_0454.jpg,missing,297941
9,real_0455.jpg,missing,8446
9,real_0456.jpg,missing,4141587
9,real_0457.jpg,missing,2036
9,real_0458.jpg,missing,59719
9,real_0459.jpg,missing,7116
9,real_0460.jpg,missing,4349
9,real_0461.jpg,missing,8194135
9,real_0462.jpg,missing,3646
9,real_0463.jpg,missing,41926
9,real_0464.jpg,missing,2678355
9,real_0465.jpg,missing,2637
9,real_0466.jpg,missing,1511740
9,real_0467.jpg,missing,70615
9,real_0468.jpg,missing,46907
9,real_0469.jpg,missing,1215
9,real_0470.jpg,missing,6594
9,real_0471.jpg,missing,22890
9,real_0472.jpg,missing,18943
9,real_0473.jpg,missing,14039
9,real_0474.jpg,missing,388115
9,real_0475.jpg,missing,634865
9,real_0476.jpg,missing,570128
9,real_0477.jpg,missing,66039
9,real_0478.jpg,missing,1264375
9,real_0479.jpg,missing,45140
9,real_0480.jpg,missing,5289625
9,real_0481.jpg,missing,12568
9,real_0482.jpg,missing,64707
9,real_0483.jpg,missing,8695
9,real_0484.jpg,missing,27687
9,real_0485.jpg,missing,111477
9,real_0486.jpg,missing,215527
9,real_0487.jpg,missing,277397
9,real_0488.jpg,missing,4571
9,real_0489.jpg,missing,50447
9,real_0490.jpg,missing,2394296
9,real_0491.jpg,missing,3262
9,real_0492.jpg,missing,135692
9,real_0493.jpg,missing,48395
9,real_0494.jpg,missing,7617
9,real_0495.jpg,missing,11467
9,real_0496.jpg,missing,3111
9,real_0497.jpg,missing,4625694
9,real_0498.jpg,missing,37617
9,real_0499.jpg,missing,49981
10,real_0500.jpg,missing,26372
10,real_0501.jpg,missing,8095
10,real_0502.jpg,missing,52437
10,real_0503.jpg,missing,322322
10,real_0504.jpg,missing,38777
10,real_0505.jpg,missing,1409342
10,real_0506.jpg,missing,77239
10,real_0507.jpg,missing,33234
10,real_0508.jpg,missing,76038
10,real_0509.jpg,missing,201178
10,real_0510.jpg,missing,592301
10,real_0511.jpg,missing,18752
10,real_0512.jpg,missing,332777
10,real_0513.jpg,missing,6009726
10,real_0514.jpg,missing,3417344
10,real_0515.jpg,missing,2378873
10,real_0516.jpg,missing,1894274
10,real_0517.jpg,missing,76458
10,real_0518.jpg,missing,10757
10,real_0519.jpg,missing,280066
10,real_0520.jpg,missing,8232
10,real_0521.jpg,missing,555728
10,real_0522.jpg,missing,2249786
10,real_0523.jpg,missing,404925
10,real_0524.jpg,missing,8562
10,real_0525.jpg,missing,417121
10,real_0526.jpg,missing,30212
10,real_0527.jpg,missing,22617
10,real_0528.jpg,missing,55909
10,real_0529.jpg,missing,480785
10,real_0530.jpg,missing,424581
10,real_0531.jpg,missing,488953
10,real_0532.jpg,missing,282879
10,real_0533.jpg,missing,23865
10,real_0534.jpg,missing,598354
10,real_0535.jpg,missing,6762428
10,real_0536.jpg,missing,138418
10,real_0537.jpg,missing,1180692
10,real_0538.jpg,missing,13651
10,real_0539.jpg,missing,2291
10,real_0540.jpg,missing,16042
10,real_0541.jpg,missing,61753
10,real_0542.jpg,missing,407473
10,real_0543.jpg,missing,3420071
10,real_0544.jpg,missing,4782
10,real_0545.jpg,missing,691515
10,real_0546.jpg,missing,788859
10,real_0547.jpg,missing,24160
10,real_0548.jpg,missing,151373
10,real_0549.jpg,missing,4788069
11,real_0550.jpg,missing,415598
11,real_0551.jpg,missing,55868
11,real_0552.jpg,missing,274681
11,real_0553.jpg,missing,142684
11,real_0554.jpg,missing,1385396
11,real_0555.jpg,missing,3710811
11,real_0556.jpg,missing,4683
11,real_0557.jpg,missing,4354
11,real_0558.jpg,missing,10139
11,real_0559.jpg,missing,4981
11,real_0560.jpg,missing,492166
11,real_0561.jpg,missing,631034
11,real_0562.jpg,missing,7266
11,real_0563.jpg,missing,91356
11,real_0564.jpg,missing,2718
11,real_0565.jpg,missing,3563
11,real_0566.jpg,missing,2377014
11,real_0567.jpg,missing,32991
11,real_0568.jpg,missing,1085128
11,real_0569.jpg,missing,2575227
11,real_0570.jpg,missing,32915
11,real_0571.jpg,missing,627132
11,real_0572.jpg,missing,573604
11,real_0573.jpg,missing,2592070
11,real_0574.jpg,missing,15083
11,real_0575.jpg,missing,13075
11,real_0576.jpg,missing,34531
11,real_0577.jpg,missing,3700880
11,real_0578.jpg,missing,964467
11,real_0579.jpg,missing,296549
11,real_0580.jpg,missing,7585
11,real_0581.jpg,missing,44042
11,real_0582.jpg,missing,10263
11,real_0583.jpg,missing,1816
11,real_0584.jpg,missing,4250
11,real_0585.jpg,missing,43593
11,real_0586.jpg,missing,2877898
11,real_0587.jpg,missing,19047
11,real_0588.jpg,missing,2656442
11,real_0589.jpg,missing,5258645
11,real_0590.jpg,missing,645805
11,real_0591.jpg,missing,144205
11,real_0592.jpg,missing,13660
11,real_0593.jpg,missing,19463
11,real_0594.jpg,missing,4473606
11,real_0595.jpg,missing,320533
11,real_0596.jpg,missing,25092
11,real_0597.jpg,missing,64875
11,real_0598.jpg,missing,41445
11,real_0599.jpg,missing,540441
12,real_0600.jpg,missing,2515
12,real_0601.jpg,missing,231554
12,real_0602.jpg,missing,55472
12,real_0603.jpg,missing,278247
12,real_0604.jpg,missing,5186
12,real_0605.jpg,missing,265487
12,real_0606.jpg,missing,208475
12,real_0607.jpg,missing,27213
12,real_0608.jpg,missing,12310
12,real_0609.jpg,missing,8910
12,real_0610.jpg,missing,10607
12,real_0611.jpg,missing,3816234
12,real_0612.jpg,missing,41491
12,real_0613.jpg,missing,254949
12,real_0614.jpg,missing,336682
12,real_0615.jpg,missing,2626216
12,real_0616.jpg,missing,97213
12,real_0617.jpg,missing,64252
12,real_0618.jpg,missing,11026
12,real_0619.jpg,missing,794550
12,real_0620.jpg,missing,31752
12,real_0621.jpg,missing,5398
12,real_0622.jpg,missing,1866525
12,real_0623.jpg,missing,1911
12,real_0624.jpg,missing,442122
12,real_0625.jpg,missing,3666
12,real_0626.jpg,missing,4580925
12,real_0627.jpg,missing,57998
12,real_0628.jpg,missing,92600
12,real_0629.jpg,missing,10800095
12,real_0630.jpg,missing,576417
12,real_0631.jpg,missing,29707
12,real_0632.jpg,missing,44084
12,real_0633.jpg,missing,92906
12,real_0634.jpg,missing,12245
12,real_0635.jpg,missing,23806
12,real_0636.jpg,missing,309109
12,real_0637.jpg,missing,8454180
12,real_0638.jpg,missing,359835
12,real_0639.jpg,missing,185102
12,real_0640.jpg,missing,269794
12,real_0641.jpg,missing,485047
12,real_0642.jpg,missing,1305774
12,real_0643.jpg,missing,63085
12,real_0644.jpg,missing,5314
12,real_0645.jpg,missing,12043
12,real_0646.jpg,missing,474351
12,real_0647.jpg,missing,82093
12,real_0648.jpg,missing,468095
12,real_0649.jpg,missing,99624
13,real_0650.jpg,missing,8421
13,real_0651.jpg,missing,397114
13,real_0652.jpg,missing,243157
13,real_0653.jpg,missing,9628658
13,real_0654.jpg,missing,50556
13,real_0655.jpg,missing,79380
13,real_0656.jpg,missing,53531
13,real_0657.jpg,missing,7176014
13,real_0658.jpg,missing,6215682
13,real_0659.jpg,missing,371840
13,real_0660.jpg,missing,3760023
13,real_0661.jpg,missing,4573
13,real_0662.jpg,missing,5023
13,real_0663.jpg,missing,87091
13,real_0664.jpg,missing,773583
13,real_0665.jpg,missing,6810
13,real_0666.jpg,missing,12778
13,real_0667.jpg,missing,45300
13,real_0668.jpg,missing,802722
13,real_0669.jpg,missing,38656
13,real_0670.jpg,missing,50020
13,real_0671.jpg,missing,5401
13,real_0672.jpg,missing,3814193
13,real_0673.jpg,missing,1213930
13,real_0674.jpg,missing,45925
13,real_0675.jpg,missing,27897
13,real_0676.jpg,missing,25379
13,real_0677.jpg,missing,18673
13,real_0678.jpg,missing,393479
13,real_0679.jpg,missing,1491468
13,real_0680.jpg,missing,195106
13,real_0681.jpg,missing,162556
13,real_0682.jpg,missing,89487
13,real_0683.jpg,missing,9748
13,real_0684.jpg,missing,115182
13,real_0685.jpg,missing,8177
13,real_0686.jpg,missing,34325
13,real_0687.jpg,missing,27855
13,real_0688.jpg,missing,5664
13,real_0689.jpg,missing,109250
13,real_0690.jpg,missing,38711
13,real_0691.jpg,missing,11307003
13,real_0692.jpg,missing,12324
13,real_0693.jpg,missing,36418
13,real_0694.jpg,missing,48634
13,real_0695.jpg,missing,11239
13,real_0696.jpg,missing,78712
13,real_0697.jpg,missing,801168
13,real_0698.jpg,missing,316805
13,real_0699.jpg,missing,8777
14,real_0700.jpg,missing,17772
14,real_0701.jpg,missing,35235
14,real_0702.jpg,missing,24526
14,real_0703.jpg,missing,2207401
14,real_0704.jpg,missing,3220207
14,real_0705.jpg,missing,11935802
14,real_0706.jpg,missing,21330
14,real_0707.jpg,missing,38882
14,real_0708.jpg,missing,2030986
14,real_0709.jpg,missing,6682
14,real_0710.jpg,missing,700961
14,real_0711.jpg,missing,5734253
14,real_0712.jpg,missing,565709
14,real_0713.jpg,missing,287454
14,real_0714.jpg,missing,268214
14,real_0715.jpg,missing,17456
14,real_0716.jpg,missing,22317
14,real_0717.jpg,missing,302501
14,real_0718.jpg,missing,39435
14,real_0719.jpg,missing,655541
14,real_0720.jpg,missing,176138
14,real_0721.jpg,missing,90236
14,real_0722.jpg,missing,1296493
14,real_0723.jpg,missing,22791
14,real_0724.jpg,missing,30610
14,real_0725.jpg,missing,6373105
14,real_0726.jpg,missing,971362
14,real_0727.jpg,missing,54009
14,real_0728.jpg,missing,8806
14,real_0729.jpg,missing,194986
14,real_0730.jpg,missing,848105
14,real_0731.jpg,missing,1940198
14,real_0732.jpg,missing,41764
14,real_0733.jpg,missing,201090
14,real_0734.jpg,missing,436334
14,real_0735.jpg,missing,6916
14,real_0736.jpg,missing,558740
14,real_0737.jpg,missing,16467
14,real_0738.jpg,missing,78628
14,real_0739.jpg,missing,76107
14,real_0740.jpg,missing,5077
14,real_0741.jpg,missing,8305
14,real_0742.jpg,missing,357736
14,real_0743.jpg,missing,2290
14,real_0744.jpg,missing,1736
14,real_0745.jpg,missing,4421
14,real_0746.jpg,missing,189563
14,real_0747.jpg,missing,789003
14,real_0748.jpg,missing,480665
14,real_0749.jpg,missing,4866
15,real_0750.jpg,missing,11691304
15,real_0751.jpg,missing,2336766
15,real_0752.jpg,missing,1491863
15,real_0753.jpg,missing,34949
15,real_0754.jpg,missing,102661
15,real_0755.jpg,missing,98447
15,real_0756.jpg,missing,5496
15,real_0757.jpg,missing,31752
15,real_0758.jpg,missing,76612
15,real_0759.jpg,missing,8729458
15,real_0760.jpg,missing,165589
15,real_0761.jpg,missing,1643
15,real_0762.jpg,missing,53701
15,real_0763.jpg,missing,4846
15,real_0764.jpg,missing,1591603
15,real_0765.jpg,missing,171772
15,real_0766.jpg,missing,65750
15,real_0767.jpg,missing,30203
15,real_0768.jpg,missing,5934
15,real_0769.jpg,missing,2030
15,real_0770.jpg,missing,93667
15,real_0771.jpg,missing,101374
15,real_0772.jpg,missing,88260
15,real_0773.jpg,missing,24868
15,real_0774.jpg,missing,72155
15,real_0775.jpg,missing,846458
15,real_0776.jpg,missing,299095
15,real_0777.jpg,missing,14284
15,real_0778.jpg,missing,25647
15,real_0779.jpg,missing,424838
15,real_0780.jpg,missing,221933
15,real_0781.jpg,missing,2870
15,real_0782.jpg,missing,331055
15,real_0783.jpg,missing,424262
15,real_0784.jpg,missing,7722
15,real_0785.jpg,missing,7515
15,real_0786.jpg,missing,1769656
15,real_0787.jpg,missing,869476
15,real_0788.jpg,missing,4750298
15,real_0789.jpg,missing,23509
15,real_0790.jpg,missing,10381726
15,real_0791.jpg,missing,44280
15,real_0792.jpg,missing,46869
15,real_0793.jpg,missing,75763
15,real_0794.jpg,missing,24860
15,real_0795.jpg,missing,34522
15,real_0796.jpg,missing,143415
15,real_0797.jpg,missing,134476
15,real_0798.jpg,missing,148615
15,real_0799.jpg,missing,293427
16,real_0800.jpg,missing,10682
16,real_0801.jpg,missing,518905
16,real_0802.jpg,missing,144160
16,real_0803.jpg,missing,206266
16,real_0804.jpg,missing,6554
16,real_0805.jpg,missing,82114
16,real_0806.jpg,missing,509460
16,real_0807.jpg,missing,117983
16,real_0808.jpg,missing,50021
16,real_0809.jpg,missing,11187
16,real_0810.jpg,missing,44610
16,real_0811.jpg,missing,817927
16,real_0812.jpg,missing,29420
16,real_0813.jpg,missing,5258204
16,real_0814.jpg,missing,307088
16,real_0815.jpg,missing,27803
16,real_0816.jpg,missing,17681
16,real_0817.jpg,missing,9977
16,real_0818.jpg,missing,4517262
16,real_0819.jpg,missing,30043
16,real_0820.jpg,missing,44413
16,real_0821.jpg,missing,4467510
16,real_0822.jpg,missing,15084
16,real_0823.jpg,missing,512822
16,real_0824.jpg,missing,772522
16,real_0825.jpg,missing,4218
16,real_0826.jpg,missing,35149
16,real_0827.jpg,missing,2721
16,real_0828.jpg,missing,18571
16,real_0829.jpg,missing,382550
16,real_0830.jpg,missing,366044
16,real_0831.jpg,missing,1680884
16,real_0832.jpg,missing,26521
16,real_0833.jpg,missing,6089
16,real_0834.jpg,missing,1407891
16,real_0835.jpg,missing,32070
16,real_0836.jpg,missing,1805666
16,real_0837.jpg,missing,363124
16,real_0838.jpg,missing,18981
16,real_0839.jpg,missing,5393
16,real_0840.jpg,missing,33056
16,real_0841.jpg,missing,1385870
16,real_0842.jpg,missing,9738
16,real_0843.jpg,missing,22916
16,real_0844.jpg,missing,6200966
16,real_0845.jpg,missing,5125981
16,real_0846.jpg,missing,257099
16,real_0847.jpg,missing,3721
16,real_0848.jpg,missing,532143
16,real_0849.jpg,missing,6119
17,real_0850.jpg,missing,203615
17,real_0851.jpg,missing,9477165
17,real_0852.jpg,missing,48700
17,real_0853.jpg,missing,477041
17,real_0854.jpg,missing,1082031
17,real_0855.jpg,missing,29075
17,real_0856.jpg,missing,743945
17,real_0857.jpg,missing,363773
17,real_0858.jpg,missing,413225
17,real_0859.jpg,missing,3387470
17,real_0860.jpg,missing,1727434
17,real_0861.jpg,missing,2096602
17,real_0862.jpg,missing,19283
17,real_0863.jpg,missing,71914
17,real_0864.jpg,missing,3077
17,real_0865.jpg,missing,2326099
17,real_0866.jpg,missing,38702
17,real_0867.jpg,missing,4465
17,real_0868.jpg,missing,5727
17,real_0869.jpg,missing,691536
17,real_0870.jpg,missing,7061
17,real_0871.jpg,missing,3950963
17,real_0872.jpg,missing,115182
17,real_0873.jpg,missing,13096629
17,real_0874.jpg,missing,13565
17,real_0875.jpg,missing,34267
17,real_0876.jpg,missing,19803
17,real_0877.jpg,missing,5771326
17,real_0878.jpg,missing,15428
17,real_0879.jpg,missing,3855
17,real_0880.jpg,missing,5114
17,real_0881.jpg,missing,18151
17,real_0882.jpg,missing,224339
17,real_0883.jpg,missing,4279
17,real_0884.jpg,missing,11407
17,real_0885.jpg,missing,107164
17,real_0886.jpg,missing,482194
17,real_0887.jpg,missing,2024
17,real_0888.jpg,missing,40986
17,real_0889.jpg,missing,8442
17,real_0890.jpg,missing,7176
17,real_0891.jpg,missing,165662
17,real_0892.jpg,missing,5256
17,real_0893.jpg,missing,31587
17,real_0894.jpg,missing,1924
17,real_0895.jpg,missing,3976
17,real_0896.jpg,missing,308457
17,real_0897.jpg,missing,68180
17,real_0898.jpg,missing,583277
17,real_0899.jpg,missing,12071
18,real_0900.jpg,missing,1283308
18,real_0901.jpg,missing,55107
18,real_0902.jpg,missing,11404
18,real_0903.jpg,missing,326524
18,real_0904.jpg,missing,123088
18,real_0905.jpg,missing,146149
18,real_0906.jpg,missing,624744
18,real_0907.jpg,missing,56728
18,real_0908.jpg,missing,425514
18,real_0909.jpg,missing,7083503
18,real_0910.jpg,missing,333597
18,real_0911.jpg,missing,12026611
18,real_0912.jpg,missing,459254
18,real_0913.jpg,missing,3029
18,real_0914.jpg,missing,17022
18,real_0915.jpg,missing,2157858
18,real_0916.jpg,missing,30842
18,real_0917.jpg,missing,313251
18,real_0918.jpg,missing,8247
18,real_0919.jpg,missing,1900
18,real_0920.jpg,missing,7969
18,real_0921.jpg,missing,34352
18,real_0922.jpg,missing,56277
18,real_0923.jpg,missing,470265
18,real_0924.jpg,missing,875750
18,real_0925.jpg,missing,763129
18,real_0926.jpg,missing,43831
18,real_0927.jpg,missing,6198
18,real_0928.jpg,missing,31038
18,real_0929.jpg,missing,7130
18,real_0930.jpg,missing,433081
18,real_0931.jpg,missing,3211
18,real_0932.jpg,missing,7500
18,real_0933.jpg,missing,225881
18,real_0934.jpg,missing,2304039
18,real_0935.jpg,missing,71347
18,real_0936.jpg,missing,1260510
18,real_0937.jpg,missing,676310
18,real_0938.jpg,missing,105958
18,real_0939.jpg,missing,29732
18,real_0940.jpg,missing,1863481
18,real_0941.jpg,missing,64715
18,real_0942.jpg,missing,2486965
18,real_0943.jpg,missing,2635020
18,real_0944.jpg,missing,6381396
18,real_0945.jpg,missing,1666
18,real_0946.jpg,missing,467528
18,real_0947.jpg,missing,1540388
18,real_0948.jpg,missing,11656
18,real_0949.jpg,missing,1409
19,real_0950.jpg,missing,2544748
19,real_0951.jpg,missing,2035550
19,real_0952.jpg,missing,14968
19,real_0953.jpg,missing,374612
19,real_0954.jpg,missing,17619
19,real_0955.jpg,missing,418816
19,real_0956.jpg,missing,17952
19,real_0957.jpg,missing,3630080
19,real_0958.jpg,missing,258008
19,real_0959.jpg,missing,1042094
19,real_0960.jpg,missing,7940
19,real_0961.jpg,missing,254522
19,real_0962.jpg,missing,3753
19,real_0963.jpg,missing,11525
19,real_0964.jpg,missing,1196088
19,real_0965.jpg,missing,77357
19,real_0966.jpg,missing,68563
19,real_0967.jpg,missing,6288
19,real_0968.jpg,missing,6348662
19,real_0969.jpg,missing,651999
19,real_0970.jpg,missing,284649
19,real_0971.jpg,missing,34024
19,real_0972.jpg,missing,2241354
19,real_0973.jpg,missing,2117
19,real_0974.jpg,missing,28819
19,real_0975.jpg,missing,19090
19,real_0976.jpg,missing,414423
19,real_0977.jpg,missing,33092
19,real_0978.jpg,missing,36894
19,real_0979.jpg,missing,48753
19,real_0980.jpg,missing,1903884
19,real_0981.jpg,missing,441661
19,real_0982.jpg,missing,245605
19,real_0983.jpg,missing,504643
19,real_0984.jpg,missing,68968
19,real_0985.jpg,missing,15756
19,real_0986.jpg,missing,876837
19,real_0987.jpg,missing,12745
19,real_0988.jpg,missing,471886
19,real_0989.jpg,missing,8140
19,real_0990.jpg,missing,81707
19,real_0991.jpg,missing,1749
19,real_0992.jpg,missing,62498
19,real_0993.jpg,missing,20991
19,real_0994.jpg,missing,11365130
19,real_0995.jpg,missing,25013
19,real_0996.jpg,missing,88880
19,real_0997.jpg,missing,20840
19,real_0998.jpg,missing,2363396
19,real_0999.jpg,missing,3620
