run,motor,timestamp,overall_utility,rvs,fqs,recovery_rate,read_count,runtime_ms,result_hash,files_recovered,files_correct_checksum
1,MFT-First,2026-07-30T21:59:59.343340,0.9589,0.9725,0.9859992884805128,0.9333333333333333,14593,124.5835250010714,b13216d954cf42a8,30,28
2,MFT-First,2026-07-30T21:59:59.401349,0.9589,0.9725,0.9859992884805128,0.9333333333333333,14593,55.92837599942868,b13216d954cf42a8,30,28
3,MFT-First,2026-07-30T21:59:59.459817,0.9589,0.9725,0.9859992884805128,0.9333333333333333,14593,56.356120001510135,b13216d954cf42a8,30,28
4,MFT-First,2026-07-30T21:59:59.517582,0.9589,0.9725,0.9859992884805128,0.9333333333333333,14593,55.73170299976482,b13216d954cf42a8,30,28
5,MFT-First,2026-07-30T21:59:59.575795,0.9589,0.9725,0.9859992884805128,0.9333333333333333,14593,56.202040999778546,b13216d954cf42a8,30,28
6,MFT-First,2026-07-30T21:59:59.633755,0.9589,0.9725,0.9859992884805128,0.9333333333333333,14593,55.9493159998965,b13216d954cf42a8,30,28
7,MFT-First,2026-07-30T21:59:59.691230,0.9589,0.9725,0.9859992884805128,0.9333333333333333,14593,55.502896999314544,b13216d954cf42a8,30,28
8,MFT-First,2026-07-30T21:59:59.749951,0.9589,0.9725,0.9859992884805128,0.9333333333333333,14593,56.66720100089151,b13216d954cf42a8,30,28
9,MFT-First,2026-07-30T21:59:59.807338,0.9589,0.9725,0.9859992884805128,0.9333333333333333,14593,55.36157499955152,b13216d954cf42a8,30,28
10,MFT-First,2026-07-30T21:59:59.865970,0.9589,0.9725,0.9859992884805128,0.9333333333333333,14593,56.61820500063186,b13216d954cf42a8,30,28
11,MFT-First,2026-07-30T21:59:59.923198,0.9589,0.9725,0.9859992884805128,0.9333333333333333,14593,55.20810599955439,b13216d954cf42a8,30,28
12,MFT-First,2026-07-30T21:59:59.980912,0.9589,0.9725,0.9859992884805128,0.9333333333333333,14593,55.68683000092278,b13216d954cf42a8,30,28
13,MFT-First,2026-07-30T22:00:00.037526,0.9589,0.9725,0.9859992884805128,0.9333333333333333,14593,54.607078000117326,b13216d954cf42a8,30,28
14,MFT-First,2026-07-30T22:00:00.094362,0.9589,0.9725,0.9859992884805128,0.9333333333333333,14593,54.841429000589414,b13216d954cf42a8,30,28
15,MFT-First,2026-07-30T22:00:00.151711,0.9589,0.9725,0.9859992884805128,0.9333333333333333,14593,55.30238699975598,b13216d954cf42a8,30,28
16,MFT-First,2026-07-30T22:00:00.209034,0.9589,0.9725,0.9859992884805128,0.9333333333333333,14593,55.269958000280894,b13216d954cf42a8,30,28
17,MFT-First,2026-07-30T22:00:00.267236,0.9589,0.9725,0.9859992884805128,0.9333333333333333,14593,56.165674001022126,b13216d954cf42a8,30,28
18,MFT-First,2026-07-30T22:00:00.325118,0.9589,0.9725,0.9859992884805128,0.9333333333333333,14593,55.85636599971622,b13216d954cf42a8,30,28
19,MFT-First,2026-07-30T22:00:00.382704,0.9589,0.9725,0.9859992884805128,0.9333333333333333,14593,55.59393700059445,b13216d954cf42a8,30,28
20,MFT-First,2026-07-30T22:00:00.441363,0.9589,0.9725,0.9859992884805128,0.9333333333333333,14593,56.661525999516016,b13216d954cf42a8,30,28
21,MFT-First,2026-07-30T22:00:00.497926,0.9589,0.9725,0.9859992884805128,0.9333333333333333,14593,54.504646999703255,b13216d954cf42a8,30,28
22,MFT-First,2026-07-30T22:00:00.555631,0.9589,0.9725,0.9859992884805128,0.9333333333333333,14593,55.71117299950856,b13216d954cf42a8,30,28
23,MFT-First,2026-07-30T22:00:00.612217,0.9589,0.9725,0.9859992884805128,0.9333333333333333,14593,54.56839500038768,b13216d954cf42a8,30,28
24,MFT-First,2026-07-30T22:00:00.670643,0.9589,0.9725,0.9859992884805128,0.9333333333333333,14593,56.4121890001843,b13216d954cf42a8,30,28
25,MFT-First,2026-07-30T22:00:00.726883,0.9589,0.9725,0.9859992884805128,0.9333333333333333,14593,54.25627000113309,b13216d954cf42a8,30,28
26,MFT-First,2026-07-30T22:00:00.784392,0.9589,0.9725,0.9859992884805128,0.9333333333333333,14593,55.55656899923633,b13216d954cf42a8,30,28
27,MFT-First,2026-07-30T22:00:00.843715,0.9589,0.9725,0.9859992884805128,0.9333333333333333,14593,57.29766500007827,b13216d954cf42a8,30,28
28,MFT-First,2026-07-30T22:00:00.900589,0.9589,0.9725,0.9859992884805128,0.9333333333333333,14593,54.88989300101821,b13216d954cf42a8,30,28
29,MFT-First,2026-07-30T22:00:00.957573,0.9589,0.9725,0.9859992884805128,0.9333333333333333,14593,54.98769999940123,b13216d954cf42a8,30,28
30,MFT-First,2026-07-30T22:00:01.014030,0.9589,0.9725,0.9859992884805128,0.9333333333333333,14593,54.43405500045628,b13216d954cf42a8,30,28
1,Carving,2026-07-30T22:00:01.212903,0.0,0.0,0.0,0.0,19296,196.8122870002844,7cb03b75dd0ddd65,1,0
2,Carving,2026-07-30T22:00:01.409531,0.0,0.0,0.0,0.0,19296,194.82627399884223,7cb03b75dd0ddd65,1,0
3,Carving,2026-07-30T22:00:01.604877,0.0,0.0,0.0,0.0,19296,193.61527000000933,7cb03b75dd0ddd65,1,0
4,Carving,2026-07-30T22:00:01.800746,0.0,0.0,0.0,0.0,19296,194.12785900021845,7cb03b75dd0ddd65,1,0
5,Carving,2026-07-30T22:00:01.994687,0.0,0.0,0.0,0.0,19296,192.2265229986806,7cb03b75dd0ddd65,1,0
6,Carving,2026-07-30T22:00:02.190325,0.0,0.0,0.0,0.0,19296,193.92397000046913,7cb03b75dd0ddd65,1,0
7,Carving,2026-07-30T22:00:02.384611,0.0,0.0,0.0,0.0,19296,192.57499800005462,7cb03b75dd0ddd65,1,0
8,Carving,2026-07-30T22:00:02.580201,0.0,0.0,0.0,0.0,19296,193.87942100001965,7cb03b75dd0ddd65,1,0
9,Carving,2026-07-30T22:00:02.775448,0.0,0.0,0.0,0.0,19296,193.54050299989467,7cb03b75dd0ddd65,1,0
10,Carving,2026-07-30T22:00:02.971060,0.0,0.0,0.0,0.0,19296,193.89183200109983,7cb03b75dd0ddd65,1,0
11,Carving,2026-07-30T22:00:03.166221,0.0,0.0,0.0,0.0,19296,193.38145599976997,7cb03b75dd0ddd65,1,0
12,Carving,2026-07-30T22:00:03.364318,0.0,0.0,0.0,0.0,19296,196.37043100010487,7cb03b75dd0ddd65,1,0
13,Carving,2026-07-30T22:00:03.561025,0.0,0.0,0.0,0.0,19296,194.9354949992994,7cb03b75dd0ddd65,1,0
14,Carving,2026-07-30T22:00:03.757202,0.0,0.0,0.0,0.0,19296,194.44255700000213,7cb03b75dd0ddd65,1,0
15,Carving,2026-07-30T22:00:03.953587,0.0,0.0,0.0,0.0,19296,194.66019699939352,7cb03b75dd0ddd65,1,0
16,Carving,2026-07-30T22:00:04.148641,0.0,0.0,0.0,0.0,19296,193.32930100063095,7cb03b75dd0ddd65,1,0
17,Carving,2026-07-30T22:00:04.344223,0.0,0.0,0.0,0.0,19296,193.86043699887523,7cb03b75dd0ddd65,1,0
18,Carving,2026-07-30T22:00:04.539363,0.0,0.0,0.0,0.0,19296,193.38670700017246,7cb03b75dd0ddd65,1,0
19,Carving,2026-07-30T22:00:04.735020,0.0,0.0,0.0,0.0,19296,193.88983099997859,7cb03b75dd0ddd65,1,0
20,Carving,2026-07-30T22:00:04.930351,0.0,0.0,0.0,0.0,19296,193.56144800076436,7cb03b75dd0ddd65,1,0
21,Carving,2026-07-30T22:00:05.126801,0.0,0.0,0.0,0.0,19296,194.66208500125504,7cb03b75dd0ddd65,1,0
22,Carving,2026-07-30T22:00:05.322644,0.0,0.0,0.0,0.0,19296,194.08475499949418,7cb03b75dd0ddd65,1,0
23,Carving,2026-07-30T22:00:05.517672,0.0,0.0,0.0,0.0,19296,193.27403900024365,7cb03b75dd0ddd65,1,0
24,Carving,2026-07-30T22:00:05.713467,0.0,0.0,0.0,0.0,19296,194.0538849994482,7cb03b75dd0ddd65,1,0
25,Carving,2026-07-30T22:00:05.908552,0.0,0.0,0.0,0.0,19296,193.34686799993506,7cb03b75dd0ddd65,1,0
26,Carving,2026-07-30T22:00:06.106482,0.0,0.0,0.0,0.0,19296,196.13863100130402,7cb03b75dd0ddd65,1,0
27,Carving,2026-07-30T22:00:06.302138,0.0,0.0,0.0,0.0,19296,193.8553319996572,7cb03b75dd0ddd65,1,0
28,Carving,2026-07-30T22:00:06.499439,0.0,0.0,0.0,0.0,19296,195.5374520002806,7cb03b75dd0ddd65,1,0
29,Carving,2026-07-30T22:00:06.695254,0.0,0.0,0.0,0.0,19296,194.04036199921393,7cb03b75dd0ddd65,1,0
30,Carving,2026-07-30T22:00:06.891233,0.0,0.0,0.0,0.0,19296,194.24551200063433,7cb03b75dd0ddd65,1,0
