run,motor,timestamp,overall_utility,rvs,fqs,recovery_rate,read_count,runtime_ms,result_hash,files_recovered,files_correct_checksum,files_missing,integrity_score,read_efficiency,mft_entries_parsed,sectors_wasted,time_to_first_file
1,MFT-First,2026-07-30T21:47:01.081637,0.9589,0.9725,0.9859992884805128,0.9333333333333333,14593,54.709449999791104,b13216d954cf42a8,30,28,0,0.9533127755316475,0.9999314739943809,42,1,2809
2,MFT-First,2026-07-30T21:47:01.128758,0.9589,0.9725,0.9859992884805128,0.9333333333333333,14593,45.365168998614536,b13216d954cf42a8,30,28,0,0.9533127755316475,0.9999314739943809,42,1,2809
3,MFT-First,2026-07-30T21:47:01.176813,0.9589,0.9725,0.9859992884805128,0.9333333333333333,14593,46.331690000442904,b13216d954cf42a8,30,28,0,0.9533127755316475,0.9999314739943809,42,1,2809
4,MFT-First,2026-07-30T21:47:01.223433,0.9589,0.9725,0.9859992884805128,0.9333333333333333,14593,44.96479599947634,b13216d954cf42a8,30,28,0,0.9533127755316475,0.9999314739943809,42,1,2809
5,MFT-First,2026-07-30T21:47:01.271116,0.9589,0.9725,0.9859992884805128,0.9333333333333333,14593,46.027430000322056,b13216d954cf42a8,30,28,0,0.9533127755316475,0.9999314739943809,42,1,2809
6,MFT-First,2026-07-30T21:47:01.318040,0.9589,0.9725,0.9859992884805128,0.9333333333333333,14593,45.26524200082349,b13216d954cf42a8,30,28,0,0.9533127755316475,0.9999314739943809,42,1,2809
7,MFT-First,2026-07-30T21:47:01.366376,0.9589,0.9725,0.9859992884805128,0.9333333333333333,14593,46.653442999740946,b13216d954cf42a8,30,28,0,0.9533127755316475,0.9999314739943809,42,1,2809
8,MFT-First,2026-07-30T21:47:01.413613,0.9589,0.9725,0.9859992884805128,0.9333333333333333,14593,45.54255199946056,b13216d954cf42a8,30,28,0,0.9533127755316475,0.9999314739943809,42,1,2809
9,MFT-First,2026-07-30T21:47:01.462005,0.9589,0.9725,0.9859992884805128,0.9333333333333333,14593,46.69916800048668,b13216d954cf42a8,30,28,0,0.9533127755316475,0.9999314739943809,42,1,2809
10,MFT-First,2026-07-30T21:47:01.509296,0.9589,0.9725,0.9859992884805128,0.9333333333333333,14593,45.61669000031543,b13216d954cf42a8,30,28,0,0.9533127755316475,0.9999314739943809,42,1,2809
11,MFT-First,2026-07-30T21:47:01.558006,0.9589,0.9725,0.9859992884805128,0.9333333333333333,14593,47.002949999296106,b13216d954cf42a8,30,28,0,0.9533127755316475,0.9999314739943809,42,1,2809
12,MFT-First,2026-07-30T21:47:01.605305,0.9589,0.9725,0.9859992884805128,0.9333333333333333,14593,45.613210000738036,b13216d954cf42a8,30,28,0,0.9533127755316475,0.9999314739943809,42,1,2809
13,MFT-First,2026-07-30T21:47:01.654104,0.9589,0.9725,0.9859992884805128,0.9333333333333333,14593,47.08661699987715,b13216d954cf42a8,30,28,0,0.9533127755316475,0.9999314739943809,42,1,2809
14,MFT-First,2026-07-30T21:47:01.701194,0.9589,0.9725,0.9859992884805128,0.9333333333333333,14593,45.41972299921326,b13216d954cf42a8,30,28,0,0.9533127755316475,0.9999314739943809,42,1,2809
15,MFT-First,2026-07-30T21:47:01.749813,0.9589,0.9725,0.9859992884805128,0.9333333333333333,14593,46.93082500125456,b13216d954cf42a8,30,28,0,0.9533127755316475,0.9999314739943809,42,1,2809
16,MFT-First,2026-07-30T21:47:01.796689,0.9589,0.9725,0.9859992884805128,0.9333333333333333,14593,45.19717000039236,b13216d954cf42a8,30,28,0,0.9533127755316475,0.9999314739943809,42,1,2809
17,MFT-First,2026-07-30T21:47:01.844818,0.9589,0.9725,0.9859992884805128,0.9333333333333333,14593,46.449016001133714,b13216d954cf42a8,30,28,0,0.9533127755316475,0.9999314739943809,42,1,2809
18,MFT-First,2026-07-30T21:47:01.894324,0.9589,0.9725,0.9859992884805128,0.9333333333333333,14593,47.8687329996319,b13216d954cf42a8,30,28,0,0.9533127755316475,0.9999314739943809,42,1,2809
19,MFT-First,2026-07-30T21:47:01.941490,0.9589,0.9725,0.9859992884805128,0.9333333333333333,14593,45.52499700002954,b13216d954cf42a8,30,28,0,0.9533127755316475,0.9999314739943809,42,1,2809
20,MFT-First,2026-07-30T21:47:01.988695,0.9589,0.9725,0.9859992884805128,0.9333333333333333,14593,45.55065699969418,b13216d954cf42a8,30,28,0,0.9533127755316475,0.9999314739943809,42,1,2809
21,MFT-First,2026-07-30T21:47:02.035835,0.9589,0.9725,0.9859992884805128,0.9333333333333333,14593,45.45056200004183,b13216d954cf42a8,30,28,0,0.9533127755316475,0.9999314739943809,42,1,2809
22,MFT-First,2026-07-30T21:47:02.082459,0.9589,0.9725,0.9859992884805128,0.9333333333333333,14593,45.001672000580584,b13216d954cf42a8,30,28,0,0.9533127755316475,0.9999314739943809,42,1,2809
23,MFT-First,2026-07-30T21:47:02.129414,0.9589,0.9725,0.9859992884805128,0.9333333333333333,14593,45.32940500030236,b13216d954cf42a8,30,28,0,0.9533127755316475,0.9999314739943809,42,1,2809
24,MFT-First,2026-07-30T21:47:02.176013,0.9589,0.9725,0.9859992884805128,0.9333333333333333,14593,44.94063399943116,b13216d954cf42a8,30,28,0,0.9533127755316475,0.9999314739943809,42,1,2809
25,MFT-First,2026-07-30T21:47:02.222418,0.9589,0.9725,0.9859992884805128,0.9333333333333333,14593,44.77776400017319,b13216d954cf42a8,30,28,0,0.9533127755316475,0.9999314739943809,42,1,2809
26,MFT-First,2026-07-30T21:47:02.269567,0.9589,0.9725,0.9859992884805128,0.9333333333333333,14593,45.51455000000715,b13216d954cf42a8,30,28,0,0.9533127755316475,0.9999314739943809,42,1,2809
27,MFT-First,2026-07-30T21:47:02.316197,0.9589,0.9725,0.9859992884805128,0.9333333333333333,14593,44.972519999646465,b13216d954cf42a8,30,28,0,0.9533127755316475,0.9999314739943809,42,1,2809
28,MFT-First,2026-07-30T21:47:02.363690,0.9589,0.9725,0.9859992884805128,0.9333333333333333,14593,45.85770099947695,b13216d954cf42a8,30,28,0,0.9533127755316475,0.9999314739943809,42,1,2809
29,MFT-First,2026-07-30T21:47:02.410553,0.9589,0.9725,0.9859992884805128,0.9333333333333333,14593,45.201962000646745,b13216d954cf42a8,30,28,0,0.9533127755316475,0.9999314739943809,42,1,2809
30,MFT-First,2026-07-30T21:47:02.458837,0.9589,0.9725,0.9859992884805128,0.9333333333333333,14593,46.60085200157482,b13216d954cf42a8,30,28,0,0.9533127755316475,0.9999314739943809,42,1,2809
1,Carving,2026-07-30T21:47:02.653198,0.0,0.0,0.0,0.0,19296,192.67799699991883,7cb03b75dd0ddd65,1,0,30,0.3001243781094527,0.0004145936981757581,0,19288,19296
2,Carving,2026-07-30T21:47:02.845800,0.0,0.0,0.0,0.0,19296,190.93996700030402,7cb03b75dd0ddd65,1,0,30,0.3001243781094527,0.0004145936981757581,0,19288,19296
3,Carving,2026-07-30T21:47:03.038146,0.0,0.0,0.0,0.0,19296,190.6368099989777,7cb03b75dd0ddd65,1,0,30,0.3001243781094527,0.0004145936981757581,0,19288,19296
4,Carving,2026-07-30T21:47:03.231253,0.0,0.0,0.0,0.0,19296,191.38171099984902,7cb03b75dd0ddd65,1,0,30,0.3001243781094527,0.0004145936981757581,0,19288,19296
5,Carving,2026-07-30T21:47:03.424647,0.0,0.0,0.0,0.0,19296,191.66972400125815,7cb03b75dd0ddd65,1,0,30,0.3001243781094527,0.0004145936981757581,0,19288,19296
6,Carving,2026-07-30T21:47:03.618091,0.0,0.0,0.0,0.0,19296,191.72839900056715,7cb03b75dd0ddd65,1,0,30,0.3001243781094527,0.0004145936981757581,0,19288,19296
7,Carving,2026-07-30T21:47:03.811887,0.0,0.0,0.0,0.0,19296,192.06245900022623,7cb03b75dd0ddd65,1,0,30,0.3001243781094527,0.0004145936981757581,0,19288,19296
8,Carving,2026-07-30T21:47:04.006241,0.0,0.0,0.0,0.0,19296,192.59818099999393,7cb03b75dd0ddd65,1,0,30,0.3001243781094527,0.0004145936981757581,0,19288,19296
9,Carving,2026-07-30T21:47:04.198825,0.0,0.0,0.0,0.0,19296,190.8269100003963,7cb03b75dd0ddd65,1,0,30,0.3001243781094527,0.0004145936981757581,0,19288,19296
10,Carving,2026-07-30T21:47:04.392433,0.0,0.0,0.0,0.0,19296,191.90335999883246,7cb03b75dd0ddd65,1,0,30,0.3001243781094527,0.0004145936981757581,0,19288,19296
11,Carving,2026-07-30T21:47:04.585147,0.0,0.0,0.0,0.0,19296,190.9990279982594,7cb03b75dd0ddd65,1,0,30,0.3001243781094527,0.0004145936981757581,0,19288,19296
12,Carving,2026-07-30T21:47:04.777895,0.0,0.0,0.0,0.0,19296,191.0461679999571,7cb03b75dd0ddd65,1,0,30,0.3001243781094527,0.0004145936981757581,0,19288,19296
13,Carving,2026-07-30T21:47:04.971528,0.0,0.0,0.0,0.0,19296,191.92875699991419,7cb03b75dd0ddd65,1,0,30,0.3001243781094527,0.0004145936981757581,0,19288,19296
14,Carving,2026-07-30T21:47:05.165835,0.0,0.0,0.0,0.0,19296,192.5839649993577,7cb03b75dd0ddd65,1,0,30,0.3001243781094527,0.0004145936981757581,0,19288,19296
15,Carving,2026-07-30T21:47:05.359554,0.0,0.0,0.0,0.0,19296,191.9582310001715,7cb03b75dd0ddd65,1,0,30,0.3001243781094527,0.0004145936981757581,0,19288,19296
16,Carving,2026-07-30T21:47:05.553784,0.0,0.0,0.0,0.0,19296,192.4476650001452,7cb03b75dd0ddd65,1,0,30,0.3001243781094527,0.0004145936981757581,0,19288,19296
17,Carving,2026-07-30T21:47:05.754106,0.0,0.0,0.0,0.0,19296,198.55653999911738,7cb03b75dd0ddd65,1,0,30,0.3001243781094527,0.0004145936981757581,0,19288,19296
18,Carving,2026-07-30T21:47:05.947056,0.0,0.0,0.0,0.0,19296,191.15268499990634,7cb03b75dd0ddd65,1,0,30,0.3001243781094527,0.0004145936981757581,0,19288,19296
19,Carving,2026-07-30T21:47:06.141339,0.0,0.0,0.0,0.0,19296,192.50345599903085,7cb03b75dd0ddd65,1,0,30,0.3001243781094527,0.0004145936981757581,0,19288,19296
20,Carving,2026-07-30T21:47:06.334731,0.0,0.0,0.0,0.0,19296,191.6134900002362,7cb03b75dd0ddd65,1,0,30,0.3001243781094527,0.0004145936981757581,0,19288,19296
21,Carving,2026-07-30T21:47:06.528764,0.0,0.0,0.0,0.0,19296,192.27571600094961,7cb03b75dd0ddd65,1,0,30,0.3001243781094527,0.0004145936981757581,0,19288,19296
22,Carving,2026-07-30T21:47:06.722849,0.0,0.0,0.0,0.0,19296,192.3673940000299,7cb03b75dd0ddd65,1,0,30,0.3001243781094527,0.0004145936981757581,0,19288,19296
23,Carving,2026-07-30T21:47:06.916223,0.0,0.0,0.0,0.0,19296,191.66841500009468,7cb03b75dd0ddd65,1,0,30,0.3001243781094527,0.0004145936981757581,0,19288,19296
24,Carving,2026-07-30T21:47:07.110132,0.0,0.0,0.0,0.0,19296,192.1686369987583,7cb03b75dd0ddd65,1,0,30,0.3001243781094527,0.0004145936981757581,0,19288,19296
25,Carving,2026-07-30T21:47:07.304042,0.0,0.0,0.0,0.0,19296,192.18256999920413,7cb03b75dd0ddd65,1,0,30,0.3001243781094527,0.0004145936981757581,0,19288,19296
26,Carving,2026-07-30T21:47:07.497084,0.0,0.0,0.0,0.0,19296,191.27053299962427,7cb03b75dd0ddd65,1,0,30,0.3001243781094527,0.0004145936981757581,0,19288,19296
27,Carving,2026-07-30T21:47:07.690725,0.0,0.0,0.0,0.0,19296,191.93669699961902,7cb03b75dd0ddd65,1,0,30,0.3001243781094527,0.0004145936981757581,0,19288,19296
28,Carving,2026-07-30T21:47:07.883561,0.0,0.0,0.0,0.0,19296,191.12487799975497,7cb03b75dd0ddd65,1,0,30,0.3001243781094527,0.0004145936981757581,0,19288,19296
29,Carving,2026-07-30T21:47:08.076944,0.0,0.0,0.0,0.0,19296,191.66041399876121,7cb03b75dd0ddd65,1,0,30,0.3001243781094527,0.0004145936981757581,0,19288,19296
30,Carving,2026-07-30T21:47:08.270451,0.0,0.0,0.0,0.0,19296,191.8041879998782,7cb03b75dd0ddd65,1,0,30,0.3001243781094527,0.0004145936981757581,0,19288,19296
