run,motor,timestamp,overall_utility,rvs,fqs,recovery_rate,read_count,runtime_ms,result_hash,files_recovered,files_correct_checksum,files_missing,integrity_score,read_efficiency,seed
1,MFT-First,2026-07-30T21:58:15.602424,0.9589,0.9725,0.9859992884805128,0.9333333333333333,14593,66.75139899925853,b13216d954cf42a8,30,28,0,0.9533127755316475,0.9999314739943809,42
2,MFT-First,2026-07-30T21:58:15.669204,0.9589,0.9725,0.9859992884805128,0.9333333333333333,14593,64.9723559999984,b13216d954cf42a8,30,28,0,0.9533127755316475,0.9999314739943809,42
3,MFT-First,2026-07-30T21:58:15.728733,0.9589,0.9725,0.9859992884805128,0.9333333333333333,14593,57.827010001346935,b13216d954cf42a8,30,28,0,0.9533127755316475,0.9999314739943809,42
4,MFT-First,2026-07-30T21:58:15.787989,0.9589,0.9725,0.9859992884805128,0.9333333333333333,14593,57.55207599941059,b13216d954cf42a8,30,28,0,0.9533127755316475,0.9999314739943809,42
5,MFT-First,2026-07-30T21:58:15.848934,0.9589,0.9725,0.9859992884805128,0.9333333333333333,14593,59.221774001343874,b13216d954cf42a8,30,28,0,0.9533127755316475,0.9999314739943809,42
6,MFT-First,2026-07-30T21:58:15.907938,0.9589,0.9725,0.9859992884805128,0.9333333333333333,14593,57.29571399933775,b13216d954cf42a8,30,28,0,0.9533127755316475,0.9999314739943809,42
7,MFT-First,2026-07-30T21:58:15.967786,0.9589,0.9725,0.9859992884805128,0.9333333333333333,14593,58.139225000559236,b13216d954cf42a8,30,28,0,0.9533127755316475,0.9999314739943809,42
8,MFT-First,2026-07-30T21:58:16.026122,0.9589,0.9725,0.9859992884805128,0.9333333333333333,14593,56.59294900033274,b13216d954cf42a8,30,28,0,0.9533127755316475,0.9999314739943809,42
9,MFT-First,2026-07-30T21:58:16.085219,0.9589,0.9725,0.9859992884805128,0.9333333333333333,14593,57.403118000365794,b13216d954cf42a8,30,28,0,0.9533127755316475,0.9999314739943809,42
10,MFT-First,2026-07-30T21:58:16.144810,0.9589,0.9725,0.9859992884805128,0.9333333333333333,14593,57.83682699984638,b13216d954cf42a8,30,28,0,0.9533127755316475,0.9999314739943809,42
11,MFT-First,2026-07-30T21:58:16.203977,0.9589,0.9725,0.9859992884805128,0.9333333333333333,14593,57.4065580003662,b13216d954cf42a8,30,28,0,0.9533127755316475,0.9999314739943809,42
12,MFT-First,2026-07-30T21:58:16.264639,0.9589,0.9725,0.9859992884805128,0.9333333333333333,14593,58.97091299993917,b13216d954cf42a8,30,28,0,0.9533127755316475,0.9999314739943809,42
13,MFT-First,2026-07-30T21:58:16.325457,0.9589,0.9725,0.9859992884805128,0.9333333333333333,14593,59.118605000548996,b13216d954cf42a8,30,28,0,0.9533127755316475,0.9999314739943809,42
14,MFT-First,2026-07-30T21:58:16.385248,0.9589,0.9725,0.9859992884805128,0.9333333333333333,14593,58.103039000343415,b13216d954cf42a8,30,28,0,0.9533127755316475,0.9999314739943809,42
15,MFT-First,2026-07-30T21:58:16.445184,0.9589,0.9725,0.9859992884805128,0.9333333333333333,14593,58.25952099985443,b13216d954cf42a8,30,28,0,0.9533127755316475,0.9999314739943809,42
16,MFT-First,2026-07-30T21:58:16.505910,0.9589,0.9725,0.9859992884805128,0.9333333333333333,14593,59.00024500078871,b13216d954cf42a8,30,28,0,0.9533127755316475,0.9999314739943809,42
17,MFT-First,2026-07-30T21:58:16.568573,0.9589,0.9725,0.9859992884805128,0.9333333333333333,14593,60.93959900135815,b13216d954cf42a8,30,28,0,0.9533127755316475,0.9999314739943809,42
18,MFT-First,2026-07-30T21:58:16.629805,0.9589,0.9725,0.9859992884805128,0.9333333333333333,14593,59.54046199985896,b13216d954cf42a8,30,28,0,0.9533127755316475,0.9999314739943809,42
19,MFT-First,2026-07-30T21:58:16.689580,0.9589,0.9725,0.9859992884805128,0.9333333333333333,14593,58.09152499932679,b13216d954cf42a8,30,28,0,0.9533127755316475,0.9999314739943809,42
20,MFT-First,2026-07-30T21:58:16.750821,0.9589,0.9725,0.9859992884805128,0.9333333333333333,14593,59.53524600045057,b13216d954cf42a8,30,28,0,0.9533127755316475,0.9999314739943809,42
21,MFT-First,2026-07-30T21:58:16.810328,0.9589,0.9725,0.9859992884805128,0.9333333333333333,14593,57.77063499954238,b13216d954cf42a8,30,28,0,0.9533127755316475,0.9999314739943809,42
22,MFT-First,2026-07-30T21:58:16.870826,0.9589,0.9725,0.9859992884805128,0.9333333333333333,14593,58.811713999602944,b13216d954cf42a8,30,28,0,0.9533127755316475,0.9999314739943809,42
23,MFT-First,2026-07-30T21:58:16.929719,0.9589,0.9725,0.9859992884805128,0.9333333333333333,14593,57.21488899871474,b13216d954cf42a8,30,28,0,0.9533127755316475,0.9999314739943809,42
24,MFT-First,2026-07-30T21:58:16.988097,0.9589,0.9725,0.9859992884805128,0.9333333333333333,14593,56.69831600062025,b13216d954cf42a8,30,28,0,0.9533127755316475,0.9999314739943809,42
25,MFT-First,2026-07-30T21:58:17.047930,0.9589,0.9725,0.9859992884805128,0.9333333333333333,14593,58.14193799960776,b13216d954cf42a8,30,28,0,0.9533127755316475,0.9999314739943809,42
26,MFT-First,2026-07-30T21:58:17.107417,0.9589,0.9725,0.9859992884805128,0.9333333333333333,14593,57.825631000014255,b13216d954cf42a8,30,28,0,0.9533127755316475,0.9999314739943809,42
27,MFT-First,2026-07-30T21:58:17.167101,0.9589,0.9725,0.9859992884805128,0.9333333333333333,14593,57.95284700070624,b13216d954cf42a8,30,28,0,0.9533127755316475,0.9999314739943809,42
28,MFT-First,2026-07-30T21:58:17.226600,0.9589,0.9725,0.9859992884805128,0.9333333333333333,14593,57.79405199973553,b13216d954cf42a8,30,28,0,0.9533127755316475,0.9999314739943809,42
29,MFT-First,2026-07-30T21:58:17.286584,0.9589,0.9725,0.9859992884805128,0.9333333333333333,14593,58.31983999996737,b13216d954cf42a8,30,28,0,0.9533127755316475,0.9999314739943809,42
30,MFT-First,2026-07-30T21:58:17.346984,0.9589,0.9725,0.9859992884805128,0.9333333333333333,14593,58.684888999778195,b13216d954cf42a8,30,28,0,0.9533127755316475,0.9999314739943809,42
1,Carving,2026-07-30T21:58:17.544752,0.0,0.0,0.0,0.0,19296,195.30847100031679,7cb03b75dd0ddd65,1,0,30,0.3001243781094527,0.0004145936981757581,42
2,Carving,2026-07-30T21:58:17.739999,0.0,0.0,0.0,0.0,19296,193.47640199885063,7cb03b75dd0ddd65,1,0,30,0.3001243781094527,0.0004145936981757581,42
3,Carving,2026-07-30T21:58:17.935372,0.0,0.0,0.0,0.0,19296,193.62912200085702,7cb03b75dd0ddd65,1,0,30,0.3001243781094527,0.0004145936981757581,42
4,Carving,2026-07-30T21:58:18.132437,0.0,0.0,0.0,0.0,19296,195.29985599911015,7cb03b75dd0ddd65,1,0,30,0.3001243781094527,0.0004145936981757581,42
5,Carving,2026-07-30T21:58:18.329854,0.0,0.0,0.0,0.0,19296,195.644772000378,7cb03b75dd0ddd65,1,0,30,0.3001243781094527,0.0004145936981757581,42
6,Carving,2026-07-30T21:58:18.533255,0.0,0.0,0.0,0.0,19296,201.65348800037464,7cb03b75dd0ddd65,1,0,30,0.3001243781094527,0.0004145936981757581,42
7,Carving,2026-07-30T21:58:18.731715,0.0,0.0,0.0,0.0,19296,196.67060199935804,7cb03b75dd0ddd65,1,0,30,0.3001243781094527,0.0004145936981757581,42
8,Carving,2026-07-30T21:58:18.931175,0.0,0.0,0.0,0.0,19296,197.69438000002992,7cb03b75dd0ddd65,1,0,30,0.3001243781094527,0.0004145936981757581,42
9,Carving,2026-07-30T21:58:19.126544,0.0,0.0,0.0,0.0,19296,193.58783200004837,7cb03b75dd0ddd65,1,0,30,0.3001243781094527,0.0004145936981757581,42
10,Carving,2026-07-30T21:58:19.322833,0.0,0.0,0.0,0.0,19296,194.51057599872001,7cb03b75dd0ddd65,1,0,30,0.3001243781094527,0.0004145936981757581,42
11,Carving,2026-07-30T21:58:19.526266,0.0,0.0,0.0,0.0,19296,201.60672000019986,7cb03b75dd0ddd65,1,0,30,0.3001243781094527,0.0004145936981757581,42
12,Carving,2026-07-30T21:58:19.724036,0.0,0.0,0.0,0.0,19296,195.96456100043724,7cb03b75dd0ddd65,1,0,30,0.3001243781094527,0.0004145936981757581,42
13,Carving,2026-07-30T21:58:19.921268,0.0,0.0,0.0,0.0,19296,195.45036199997412,7cb03b75dd0ddd65,1,0,30,0.3001243781094527,0.0004145936981757581,42
14,Carving,2026-07-30T21:58:20.118211,0.0,0.0,0.0,0.0,19296,195.1970779991825,7cb03b75dd0ddd65,1,0,30,0.3001243781094527,0.0004145936981757581,42
15,Carving,2026-07-30T21:58:20.315413,0.0,0.0,0.0,0.0,19296,195.44393599971954,7cb03b75dd0ddd65,1,0,30,0.3001243781094527,0.0004145936981757581,42
16,Carving,2026-07-30T21:58:20.512430,0.0,0.0,0.0,0.0,19296,195.24309299958986,7cb03b75dd0ddd65,1,0,30,0.3001243781094527,0.0004145936981757581,42
17,Carving,2026-07-30T21:58:20.711078,0.0,0.0,0.0,0.0,19296,196.85806699999375,7cb03b75dd0ddd65,1,0,30,0.3001243781094527,0.0004145936981757581,42
18,Carving,2026-07-30T21:58:20.906751,0.0,0.0,0.0,0.0,19296,193.9276869998139,7cb03b75dd0ddd65,1,0,30,0.3001243781094527,0.0004145936981757581,42
19,Carving,2026-07-30T21:58:21.103614,0.0,0.0,0.0,0.0,19296,195.11823500033643,7cb03b75dd0ddd65,1,0,30,0.3001243781094527,0.0004145936981757581,42
20,Carving,2026-07-30T21:58:21.299619,0.0,0.0,0.0,0.0,19296,194.24565699955565,7cb03b75dd0ddd65,1,0,30,0.3001243781094527,0.0004145936981757581,42
21,Carving,2026-07-30T21:58:21.495671,0.0,0.0,0.0,0.0,19296,194.23934499900497,7cb03b75dd0ddd65,1,0,30,0.3001243781094527,0.0004145936981757581,42
22,Carving,2026-07-30T21:58:21.691264,0.0,0.0,0.0,0.0,19296,193.87162000020908,7cb03b75dd0ddd65,1,0,30,0.3001243781094527,0.0004145936981757581,42
23,Carving,2026-07-30T21:58:21.886446,0.0,0.0,0.0,0.0,19296,193.47444400045788,7cb03b75dd0ddd65,1,0,30,0.3001243781094527,0.0004145936981757581,42
24,Carving,2026-07-30T21:58:22.081717,0.0,0.0,0.0,0.0,19296,193.55204299972684,7cb03b75dd0ddd65,1,0,30,0.3001243781094527,0.0004145936981757581,42
25,Carving,2026-07-30T21:58:22.278045,0.0,0.0,0.0,0.0,19296,194.5948579996184,7cb03b75dd0ddd65,1,0,30,0.3001243781094527,0.0004145936981757581,42
26,Carving,2026-07-30T21:58:22.473686,0.0,0.0,0.0,0.0,19296,193.9123110005312,7cb03b75dd0ddd65,1,0,30,0.3001243781094527,0.0004145936981757581,42
27,Carving,2026-07-30T21:58:22.669269,0.0,0.0,0.0,0.0,19296,193.8366730009875,7cb03b75dd0ddd65,1,0,30,0.3001243781094527,0.0004145936981757581,42
28,Carving,2026-07-30T21:58:22.865139,0.0,0.0,0.0,0.0,19296,194.0832769996632,7cb03b75dd0ddd65,1,0,30,0.3001243781094527,0.0004145936981757581,42
29,Carving,2026-07-30T21:58:23.061278,0.0,0.0,0.0,0.0,19296,194.41473000006226,7cb03b75dd0ddd65,1,0,30,0.3001243781094527,0.0004145936981757581,42
30,Carving,2026-07-30T21:58:23.256841,0.0,0.0,0.0,0.0,19296,193.82893799956946,7cb03b75dd0ddd65,1,0,30,0.3001243781094527,0.0004145936981757581,42
1,MFT-First,2026-07-30T21:58:24.345160,0.9983,0.9989,0.999447883017958,0.9333333333333333,18121,297.58164800114173,26b53c1cde5ee9d1,30,28,0,0.9533167779555949,0.9999448154075382,1337
2,MFT-First,2026-07-30T21:58:24.638897,0.9983,0.9989,0.999447883017958,0.9333333333333333,18121,291.91252300006454,26b53c1cde5ee9d1,30,28,0,0.9533167779555949,0.9999448154075382,1337
3,MFT-First,2026-07-30T21:58:24.930092,0.9983,0.9989,0.999447883017958,0.9333333333333333,18121,289.43199300010747,26b53c1cde5ee9d1,30,28,0,0.9533167779555949,0.9999448154075382,1337
4,MFT-First,2026-07-30T21:58:25.217328,0.9983,0.9989,0.999447883017958,0.9333333333333333,18121,285.4935720006324,26b53c1cde5ee9d1,30,28,0,0.9533167779555949,0.9999448154075382,1337
5,MFT-First,2026-07-30T21:58:25.507909,0.9983,0.9989,0.999447883017958,0.9333333333333333,18121,288.8123730008374,26b53c1cde5ee9d1,30,28,0,0.9533167779555949,0.9999448154075382,1337
6,MFT-First,2026-07-30T21:58:25.802082,0.9983,0.9989,0.999447883017958,0.9333333333333333,18121,292.39250300088315,26b53c1cde5ee9d1,30,28,0,0.9533167779555949,0.9999448154075382,1337
7,MFT-First,2026-07-30T21:58:26.088950,0.9983,0.9989,0.999447883017958,0.9333333333333333,18121,285.12027299984766,26b53c1cde5ee9d1,30,28,0,0.9533167779555949,0.9999448154075382,1337
8,MFT-First,2026-07-30T21:58:26.379214,0.9983,0.9989,0.999447883017958,0.9333333333333333,18121,288.50914199938416,26b53c1cde5ee9d1,30,28,0,0.9533167779555949,0.9999448154075382,1337
9,MFT-First,2026-07-30T21:58:26.673469,0.9983,0.9989,0.999447883017958,0.9333333333333333,18121,292.52595900106826,26b53c1cde5ee9d1,30,28,0,0.9533167779555949,0.9999448154075382,1337
10,MFT-First,2026-07-30T21:58:26.963882,0.9983,0.9989,0.999447883017958,0.9333333333333333,18121,288.6630690009042,26b53c1cde5ee9d1,30,28,0,0.9533167779555949,0.9999448154075382,1337
11,MFT-First,2026-07-30T21:58:27.251926,0.9983,0.9989,0.999447883017958,0.9333333333333333,18121,286.2654050004494,26b53c1cde5ee9d1,30,28,0,0.9533167779555949,0.9999448154075382,1337
12,MFT-First,2026-07-30T21:58:27.542482,0.9983,0.9989,0.999447883017958,0.9333333333333333,18121,288.7973119995877,26b53c1cde5ee9d1,30,28,0,0.9533167779555949,0.9999448154075382,1337
13,MFT-First,2026-07-30T21:58:27.839408,0.9983,0.9989,0.999447883017958,0.9333333333333333,18121,295.1382729988836,26b53c1cde5ee9d1,30,28,0,0.9533167779555949,0.9999448154075382,1337
14,MFT-First,2026-07-30T21:58:28.127262,0.9983,0.9989,0.999447883017958,0.9333333333333333,18121,286.0684120005317,26b53c1cde5ee9d1,30,28,0,0.9533167779555949,0.9999448154075382,1337
15,MFT-First,2026-07-30T21:58:28.416697,0.9983,0.9989,0.999447883017958,0.9333333333333333,18121,287.65548699993815,26b53c1cde5ee9d1,30,28,0,0.9533167779555949,0.9999448154075382,1337
16,MFT-First,2026-07-30T21:58:28.714350,0.9983,0.9989,0.999447883017958,0.9333333333333333,18121,295.8361969995167,26b53c1cde5ee9d1,30,28,0,0.9533167779555949,0.9999448154075382,1337
17,MFT-First,2026-07-30T21:58:29.003819,0.9983,0.9989,0.999447883017958,0.9333333333333333,18121,287.70609900129784,26b53c1cde5ee9d1,30,28,0,0.9533167779555949,0.9999448154075382,1337
18,MFT-First,2026-07-30T21:58:29.294434,0.9983,0.9989,0.999447883017958,0.9333333333333333,18121,288.8600780006527,26b53c1cde5ee9d1,30,28,0,0.9533167779555949,0.9999448154075382,1337
19,MFT-First,2026-07-30T21:58:29.589244,0.9983,0.9989,0.999447883017958,0.9333333333333333,18121,293.06602100041346,26b53c1cde5ee9d1,30,28,0,0.9533167779555949,0.9999448154075382,1337
20,MFT-First,2026-07-30T21:58:29.884729,0.9983,0.9989,0.999447883017958,0.9333333333333333,18121,293.7229120016127,26b53c1cde5ee9d1,30,28,0,0.9533167779555949,0.9999448154075382,1337
21,MFT-First,2026-07-30T21:58:30.174726,0.9983,0.9989,0.999447883017958,0.9333333333333333,18121,288.21022900046955,26b53c1cde5ee9d1,30,28,0,0.9533167779555949,0.9999448154075382,1337
22,MFT-First,2026-07-30T21:58:30.466634,0.9983,0.9989,0.999447883017958,0.9333333333333333,18121,290.1175200004218,26b53c1cde5ee9d1,30,28,0,0.9533167779555949,0.9999448154075382,1337
23,MFT-First,2026-07-30T21:58:30.760293,0.9983,0.9989,0.999447883017958,0.9333333333333333,18121,291.8526160010515,26b53c1cde5ee9d1,30,28,0,0.9533167779555949,0.9999448154075382,1337
24,MFT-First,2026-07-30T21:58:31.054385,0.9983,0.9989,0.999447883017958,0.9333333333333333,18121,292.3381100008555,26b53c1cde5ee9d1,30,28,0,0.9533167779555949,0.9999448154075382,1337
25,MFT-First,2026-07-30T21:58:31.343144,0.9983,0.9989,0.999447883017958,0.9333333333333333,18121,286.9548169983318,26b53c1cde5ee9d1,30,28,0,0.9533167779555949,0.9999448154075382,1337
26,MFT-First,2026-07-30T21:58:31.637124,0.9983,0.9989,0.999447883017958,0.9333333333333333,18121,292.1624949995021,26b53c1cde5ee9d1,30,28,0,0.9533167779555949,0.9999448154075382,1337
27,MFT-First,2026-07-30T21:58:31.926716,0.9983,0.9989,0.999447883017958,0.9333333333333333,18121,287.8244450002967,26b53c1cde5ee9d1,30,28,0,0.9533167779555949,0.9999448154075382,1337
28,MFT-First,2026-07-30T21:58:32.211296,0.9983,0.9989,0.999447883017958,0.9333333333333333,18121,282.7981449991057,26b53c1cde5ee9d1,30,28,0,0.9533167779555949,0.9999448154075382,1337
29,MFT-First,2026-07-30T21:58:32.495818,0.9983,0.9989,0.999447883017958,0.9333333333333333,18121,282.7178780007671,26b53c1cde5ee9d1,30,28,0,0.9533167779555949,0.9999448154075382,1337
30,MFT-First,2026-07-30T21:58:32.784720,0.9983,0.9989,0.999447883017958,0.9333333333333333,18121,287.1600029993715,26b53c1cde5ee9d1,30,28,0,0.9533167779555949,0.9999448154075382,1337
1,Carving,2026-07-30T21:58:33.047503,0.0028,0.0524,0.05318851814663085,0.03333333333333333,27424,260.43181999921217,1f6822061184ba49,4,1,29,0.31342084791909763,0.00029171528588101125,1337
2,Carving,2026-07-30T21:58:33.305249,0.0028,0.0524,0.05318851814663085,0.03333333333333333,27424,255.94459700005245,1f6822061184ba49,4,1,29,0.31342084791909763,0.00029171528588101125,1337
3,Carving,2026-07-30T21:58:33.562062,0.0028,0.0524,0.05318851814663085,0.03333333333333333,27424,254.99360199864896,1f6822061184ba49,4,1,29,0.31342084791909763,0.00029171528588101125,1337
4,Carving,2026-07-30T21:58:33.820809,0.0028,0.0524,0.05318851814663085,0.03333333333333333,27424,256.9696109985671,1f6822061184ba49,4,1,29,0.31342084791909763,0.00029171528588101125,1337
5,Carving,2026-07-30T21:58:34.076633,0.0028,0.0524,0.05318851814663085,0.03333333333333333,27424,254.06496600044193,1f6822061184ba49,4,1,29,0.31342084791909763,0.00029171528588101125,1337
6,Carving,2026-07-30T21:58:34.333023,0.0028,0.0524,0.05318851814663085,0.03333333333333333,27424,254.62207700002182,1f6822061184ba49,4,1,29,0.31342084791909763,0.00029171528588101125,1337
7,Carving,2026-07-30T21:58:34.590125,0.0028,0.0524,0.05318851814663085,0.03333333333333333,27424,255.3375560000859,1f6822061184ba49,4,1,29,0.31342084791909763,0.00029171528588101125,1337
8,Carving,2026-07-30T21:58:34.848535,0.0028,0.0524,0.05318851814663085,0.03333333333333333,27424,256.6314340001554,1f6822061184ba49,4,1,29,0.31342084791909763,0.00029171528588101125,1337
9,Carving,2026-07-30T21:58:35.105725,0.0028,0.0524,0.05318851814663085,0.03333333333333333,27424,255.41006000094058,1f6822061184ba49,4,1,29,0.31342084791909763,0.00029171528588101125,1337
10,Carving,2026-07-30T21:58:35.361700,0.0028,0.0524,0.05318851814663085,0.03333333333333333,27424,254.19540499933646,1f6822061184ba49,4,1,29,0.31342084791909763,0.00029171528588101125,1337
11,Carving,2026-07-30T21:58:35.618999,0.0028,0.0524,0.05318851814663085,0.03333333333333333,27424,255.4708159987058,1f6822061184ba49,4,1,29,0.31342084791909763,0.00029171528588101125,1337
12,Carving,2026-07-30T21:58:35.876148,0.0028,0.0524,0.05318851814663085,0.03333333333333333,27424,255.37375000021711,1f6822061184ba49,4,1,29,0.31342084791909763,0.00029171528588101125,1337
13,Carving,2026-07-30T21:58:36.133249,0.0028,0.0524,0.05318851814663085,0.03333333333333333,27424,255.3209310008242,1f6822061184ba49,4,1,29,0.31342084791909763,0.00029171528588101125,1337
14,Carving,2026-07-30T21:58:36.391030,0.0028,0.0524,0.05318851814663085,0.03333333333333333,27424,256.008505999489,1f6822061184ba49,4,1,29,0.31342084791909763,0.00029171528588101125,1337
15,Carving,2026-07-30T21:58:36.648755,0.0028,0.0524,0.05318851814663085,0.03333333333333333,27424,255.91933900068398,1f6822061184ba49,4,1,29,0.31342084791909763,0.00029171528588101125,1337
16,Carving,2026-07-30T21:58:36.905345,0.0028,0.0524,0.05318851814663085,0.03333333333333333,27424,254.82487699991907,1f6822061184ba49,4,1,29,0.31342084791909763,0.00029171528588101125,1337
17,Carving,2026-07-30T21:58:37.161676,0.0028,0.0524,0.05318851814663085,0.03333333333333333,27424,254.54672100022435,1f6822061184ba49,4,1,29,0.31342084791909763,0.00029171528588101125,1337
18,Carving,2026-07-30T21:58:37.422646,0.0028,0.0524,0.05318851814663085,0.03333333333333333,27424,259.1518859990174,1f6822061184ba49,4,1,29,0.31342084791909763,0.00029171528588101125,1337
19,Carving,2026-07-30T21:58:37.681272,0.0028,0.0524,0.05318851814663085,0.03333333333333333,27424,256.8506610004988,1f6822061184ba49,4,1,29,0.31342084791909763,0.00029171528588101125,1337
20,Carving,2026-07-30T21:58:37.937498,0.0028,0.0524,0.05318851814663085,0.03333333333333333,27424,254.46776599892473,1f6822061184ba49,4,1,29,0.31342084791909763,0.00029171528588101125,1337
21,Carving,2026-07-30T21:58:38.195169,0.0028,0.0524,0.05318851814663085,0.03333333333333333,27424,255.86079099957715,1f6822061184ba49,4,1,29,0.31342084791909763,0.00029171528588101125,1337
22,Carving,2026-07-30T21:58:38.454132,0.0028,0.0524,0.05318851814663085,0.03333333333333333,27424,257.14290700125275,1f6822061184ba49,4,1,29,0.31342084791909763,0.00029171528588101125,1337
23,Carving,2026-07-30T21:58:38.719145,0.0028,0.0524,0.05318851814663085,0.03333333333333333,27424,263.1981590002397,1f6822061184ba49,4,1,29,0.31342084791909763,0.00029171528588101125,1337
24,Carving,2026-07-30T21:58:38.976184,0.0028,0.0524,0.05318851814663085,0.03333333333333333,27424,255.27303899980325,1f6822061184ba49,4,1,29,0.31342084791909763,0.00029171528588101125,1337
25,Carving,2026-07-30T21:58:39.232431,0.0028,0.0524,0.05318851814663085,0.03333333333333333,27424,254.45107800078404,1f6822061184ba49,4,1,29,0.31342084791909763,0.00029171528588101125,1337
26,Carving,2026-07-30T21:58:39.489557,0.0028,0.0524,0.05318851814663085,0.03333333333333333,27424,255.36998299867264,1f6822061184ba49,4,1,29,0.31342084791909763,0.00029171528588101125,1337
27,Carving,2026-07-30T21:58:39.746873,0.0028,0.0524,0.05318851814663085,0.03333333333333333,27424,255.51072399866825,1f6822061184ba49,4,1,29,0.31342084791909763,0.00029171528588101125,1337
28,Carving,2026-07-30T21:58:40.003517,0.0028,0.0524,0.05318851814663085,0.03333333333333333,27424,254.88166799914325,1f6822061184ba49,4,1,29,0.31342084791909763,0.00029171528588101125,1337
29,Carving,2026-07-30T21:58:40.260288,0.0028,0.0524,0.05318851814663085,0.03333333333333333,27424,254.9888749999809,1f6822061184ba49,4,1,29,0.31342084791909763,0.00029171528588101125,1337
30,Carving,2026-07-30T21:58:40.517304,0.0028,0.0524,0.05318851814663085,0.03333333333333333,27424,255.22526299937454,1f6822061184ba49,4,1,29,0.31342084791909763,0.00029171528588101125,1337
1,MFT-First,2026-07-30T21:58:41.269781,0.9598,0.9732,0.9862523717892735,0.9333333333333333,15913,68.50710499929846,b9c034eaca93b1e2,30,28,0,0.9533144808228073,0.9999371582982467,2026
2,MFT-First,2026-07-30T21:58:41.338409,0.9598,0.9732,0.9862523717892735,0.9333333333333333,15913,66.87655199857545,b9c034eaca93b1e2,30,28,0,0.9533144808228073,0.9999371582982467,2026
3,MFT-First,2026-07-30T21:58:41.407102,0.9598,0.9732,0.9862523717892735,0.9333333333333333,15913,66.99251600002754,b9c034eaca93b1e2,30,28,0,0.9533144808228073,0.9999371582982467,2026
4,MFT-First,2026-07-30T21:58:41.477465,0.9598,0.9732,0.9862523717892735,0.9333333333333333,15913,68.70017300025211,b9c034eaca93b1e2,30,28,0,0.9533144808228073,0.9999371582982467,2026
5,MFT-First,2026-07-30T21:58:41.546957,0.9598,0.9732,0.9862523717892735,0.9333333333333333,15913,67.76887900014117,b9c034eaca93b1e2,30,28,0,0.9533144808228073,0.9999371582982467,2026
6,MFT-First,2026-07-30T21:58:41.616382,0.9598,0.9732,0.9862523717892735,0.9333333333333333,15913,67.75397799901839,b9c034eaca93b1e2,30,28,0,0.9533144808228073,0.9999371582982467,2026
7,MFT-First,2026-07-30T21:58:41.686342,0.9598,0.9732,0.9862523717892735,0.9333333333333333,15913,68.30628299940145,b9c034eaca93b1e2,30,28,0,0.9533144808228073,0.9999371582982467,2026
8,MFT-First,2026-07-30T21:58:41.756806,0.9598,0.9732,0.9862523717892735,0.9333333333333333,15913,68.76732099954097,b9c034eaca93b1e2,30,28,0,0.9533144808228073,0.9999371582982467,2026
9,MFT-First,2026-07-30T21:58:41.825889,0.9598,0.9732,0.9862523717892735,0.9333333333333333,15913,67.40015000104904,b9c034eaca93b1e2,30,28,0,0.9533144808228073,0.9999371582982467,2026
10,MFT-First,2026-07-30T21:58:41.895355,0.9598,0.9732,0.9862523717892735,0.9333333333333333,15913,67.77177199910511,b9c034eaca93b1e2,30,28,0,0.9533144808228073,0.9999371582982467,2026
11,MFT-First,2026-07-30T21:58:41.965796,0.9598,0.9732,0.9862523717892735,0.9333333333333333,15913,68.68676299927756,b9c034eaca93b1e2,30,28,0,0.9533144808228073,0.9999371582982467,2026
12,MFT-First,2026-07-30T21:58:42.034440,0.9598,0.9732,0.9862523717892735,0.9333333333333333,15913,66.97685399922193,b9c034eaca93b1e2,30,28,0,0.9533144808228073,0.9999371582982467,2026
13,MFT-First,2026-07-30T21:58:42.102670,0.9598,0.9732,0.9862523717892735,0.9333333333333333,15913,66.5350919989578,b9c034eaca93b1e2,30,28,0,0.9533144808228073,0.9999371582982467,2026
14,MFT-First,2026-07-30T21:58:42.171388,0.9598,0.9732,0.9862523717892735,0.9333333333333333,15913,67.05596699976013,b9c034eaca93b1e2,30,28,0,0.9533144808228073,0.9999371582982467,2026
15,MFT-First,2026-07-30T21:58:42.240900,0.9598,0.9732,0.9862523717892735,0.9333333333333333,15913,67.80891099879227,b9c034eaca93b1e2,30,28,0,0.9533144808228073,0.9999371582982467,2026
16,MFT-First,2026-07-30T21:58:42.309244,0.9598,0.9732,0.9862523717892735,0.9333333333333333,15913,66.6728010000952,b9c034eaca93b1e2,30,28,0,0.9533144808228073,0.9999371582982467,2026
17,MFT-First,2026-07-30T21:58:42.378119,0.9598,0.9732,0.9862523717892735,0.9333333333333333,15913,67.19095699918398,b9c034eaca93b1e2,30,28,0,0.9533144808228073,0.9999371582982467,2026
18,MFT-First,2026-07-30T21:58:42.448398,0.9598,0.9732,0.9862523717892735,0.9333333333333333,15913,68.59950599937292,b9c034eaca93b1e2,30,28,0,0.9533144808228073,0.9999371582982467,2026
19,MFT-First,2026-07-30T21:58:42.517634,0.9598,0.9732,0.9862523717892735,0.9333333333333333,15913,67.5588060003065,b9c034eaca93b1e2,30,28,0,0.9533144808228073,0.9999371582982467,2026
20,MFT-First,2026-07-30T21:58:42.587761,0.9598,0.9732,0.9862523717892735,0.9333333333333333,15913,68.46390000100655,b9c034eaca93b1e2,30,28,0,0.9533144808228073,0.9999371582982467,2026
21,MFT-First,2026-07-30T21:58:42.658001,0.9598,0.9732,0.9862523717892735,0.9333333333333333,15913,68.50652399953105,b9c034eaca93b1e2,30,28,0,0.9533144808228073,0.9999371582982467,2026
22,MFT-First,2026-07-30T21:58:42.727657,0.9598,0.9732,0.9862523717892735,0.9333333333333333,15913,67.97666100101196,b9c034eaca93b1e2,30,28,0,0.9533144808228073,0.9999371582982467,2026
23,MFT-First,2026-07-30T21:58:42.797428,0.9598,0.9732,0.9862523717892735,0.9333333333333333,15913,68.10158699954627,b9c034eaca93b1e2,30,28,0,0.9533144808228073,0.9999371582982467,2026
24,MFT-First,2026-07-30T21:58:42.867216,0.9598,0.9732,0.9862523717892735,0.9333333333333333,15913,68.14368099912826,b9c034eaca93b1e2,30,28,0,0.9533144808228073,0.9999371582982467,2026
25,MFT-First,2026-07-30T21:58:42.936345,0.9598,0.9732,0.9862523717892735,0.9333333333333333,15913,67.47246600025392,b9c034eaca93b1e2,30,28,0,0.9533144808228073,0.9999371582982467,2026
26,MFT-First,2026-07-30T21:58:43.005001,0.9598,0.9732,0.9862523717892735,0.9333333333333333,15913,66.98054300068179,b9c034eaca93b1e2,30,28,0,0.9533144808228073,0.9999371582982467,2026
27,MFT-First,2026-07-30T21:58:43.074306,0.9598,0.9732,0.9862523717892735,0.9333333333333333,15913,67.65289400027541,b9c034eaca93b1e2,30,28,0,0.9533144808228073,0.9999371582982467,2026
28,MFT-First,2026-07-30T21:58:43.143494,0.9598,0.9732,0.9862523717892735,0.9333333333333333,15913,67.53604899859056,b9c034eaca93b1e2,30,28,0,0.9533144808228073,0.9999371582982467,2026
29,MFT-First,2026-07-30T21:58:43.212543,0.9598,0.9732,0.9862523717892735,0.9333333333333333,15913,67.341893000048,b9c034eaca93b1e2,30,28,0,0.9533144808228073,0.9999371582982467,2026
30,MFT-First,2026-07-30T21:58:43.284506,0.9598,0.9732,0.9862523717892735,0.9333333333333333,15913,70.30320600097184,b9c034eaca93b1e2,30,28,0,0.9533144808228073,0.9999371582982467,2026
1,Carving,2026-07-30T21:58:43.538135,0.0,0.0,0.0,0.0,25648,251.35123200016096,e0504cef3ada47c1,1,0,30,0.300093574547723,0.0003119151590766922,2026
2,Carving,2026-07-30T21:58:43.785109,0.0,0.0,0.0,0.0,25648,245.24158899839676,e0504cef3ada47c1,1,0,30,0.300093574547723,0.0003119151590766922,2026
3,Carving,2026-07-30T21:58:44.031636,0.0,0.0,0.0,0.0,25648,244.7780310012604,e0504cef3ada47c1,1,0,30,0.300093574547723,0.0003119151590766922,2026
4,Carving,2026-07-30T21:58:44.277473,0.0,0.0,0.0,0.0,25648,244.11649300054705,e0504cef3ada47c1,1,0,30,0.300093574547723,0.0003119151590766922,2026
5,Carving,2026-07-30T21:58:44.524096,0.0,0.0,0.0,0.0,25648,244.86490500021318,e0504cef3ada47c1,1,0,30,0.300093574547723,0.0003119151590766922,2026
6,Carving,2026-07-30T21:58:44.770484,0.0,0.0,0.0,0.0,25648,244.67335500048648,e0504cef3ada47c1,1,0,30,0.300093574547723,0.0003119151590766922,2026
7,Carving,2026-07-30T21:58:45.016365,0.0,0.0,0.0,0.0,25648,244.1398709997884,e0504cef3ada47c1,1,0,30,0.300093574547723,0.0003119151590766922,2026
8,Carving,2026-07-30T21:58:45.262951,0.0,0.0,0.0,0.0,25648,244.8088680012006,e0504cef3ada47c1,1,0,30,0.300093574547723,0.0003119151590766922,2026
9,Carving,2026-07-30T21:58:45.515473,0.0,0.0,0.0,0.0,25648,250.78742500045337,e0504cef3ada47c1,1,0,30,0.300093574547723,0.0003119151590766922,2026
10,Carving,2026-07-30T21:58:45.765189,0.0,0.0,0.0,0.0,25648,247.93852900074853,e0504cef3ada47c1,1,0,30,0.300093574547723,0.0003119151590766922,2026
11,Carving,2026-07-30T21:58:46.014678,0.0,0.0,0.0,0.0,25648,247.7063669994095,e0504cef3ada47c1,1,0,30,0.300093574547723,0.0003119151590766922,2026
12,Carving,2026-07-30T21:58:46.271407,0.0,0.0,0.0,0.0,25648,254.98351100031869,e0504cef3ada47c1,1,0,30,0.300093574547723,0.0003119151590766922,2026
13,Carving,2026-07-30T21:58:46.518296,0.0,0.0,0.0,0.0,25648,245.16786400090496,e0504cef3ada47c1,1,0,30,0.300093574547723,0.0003119151590766922,2026
14,Carving,2026-07-30T21:58:46.767193,0.0,0.0,0.0,0.0,25648,247.11846400168724,e0504cef3ada47c1,1,0,30,0.300093574547723,0.0003119151590766922,2026
15,Carving,2026-07-30T21:58:47.013580,0.0,0.0,0.0,0.0,25648,244.64742700001807,e0504cef3ada47c1,1,0,30,0.300093574547723,0.0003119151590766922,2026
16,Carving,2026-07-30T21:58:47.260051,0.0,0.0,0.0,0.0,25648,244.69008599953668,e0504cef3ada47c1,1,0,30,0.300093574547723,0.0003119151590766922,2026
17,Carving,2026-07-30T21:58:47.507598,0.0,0.0,0.0,0.0,25648,245.81747100091889,e0504cef3ada47c1,1,0,30,0.300093574547723,0.0003119151590766922,2026
18,Carving,2026-07-30T21:58:47.759125,0.0,0.0,0.0,0.0,25648,249.77708299957158,e0504cef3ada47c1,1,0,30,0.300093574547723,0.0003119151590766922,2026
19,Carving,2026-07-30T21:58:48.003739,0.0,0.0,0.0,0.0,25648,242.86715400012326,e0504cef3ada47c1,1,0,30,0.300093574547723,0.0003119151590766922,2026
20,Carving,2026-07-30T21:58:48.254563,0.0,0.0,0.0,0.0,25648,249.08463199972175,e0504cef3ada47c1,1,0,30,0.300093574547723,0.0003119151590766922,2026
21,Carving,2026-07-30T21:58:48.502949,0.0,0.0,0.0,0.0,25648,246.56705699999293,e0504cef3ada47c1,1,0,30,0.300093574547723,0.0003119151590766922,2026
22,Carving,2026-07-30T21:58:48.756673,0.0,0.0,0.0,0.0,25648,251.9191250012227,e0504cef3ada47c1,1,0,30,0.300093574547723,0.0003119151590766922,2026
23,Carving,2026-07-30T21:58:49.002130,0.0,0.0,0.0,0.0,25648,243.70323199946142,e0504cef3ada47c1,1,0,30,0.300093574547723,0.0003119151590766922,2026
24,Carving,2026-07-30T21:58:49.247614,0.0,0.0,0.0,0.0,25648,243.73378100062837,e0504cef3ada47c1,1,0,30,0.300093574547723,0.0003119151590766922,2026
25,Carving,2026-07-30T21:58:49.494329,0.0,0.0,0.0,0.0,25648,244.96686000020418,e0504cef3ada47c1,1,0,30,0.300093574547723,0.0003119151590766922,2026
26,Carving,2026-07-30T21:58:49.742201,0.0,0.0,0.0,0.0,25648,246.0963309986255,e0504cef3ada47c1,1,0,30,0.300093574547723,0.0003119151590766922,2026
27,Carving,2026-07-30T21:58:49.987849,0.0,0.0,0.0,0.0,25648,243.9124329994229,e0504cef3ada47c1,1,0,30,0.300093574547723,0.0003119151590766922,2026
28,Carving,2026-07-30T21:58:50.234813,0.0,0.0,0.0,0.0,25648,245.2259450001293,e0504cef3ada47c1,1,0,30,0.300093574547723,0.0003119151590766922,2026
29,Carving,2026-07-30T21:58:50.480123,0.0,0.0,0.0,0.0,25648,243.56898899895896,e0504cef3ada47c1,1,0,30,0.300093574547723,0.0003119151590766922,2026
30,Carving,2026-07-30T21:58:50.726383,0.0,0.0,0.0,0.0,25648,244.47742699885566,e0504cef3ada47c1,1,0,30,0.300093574547723,0.0003119151590766922,2026
1,MFT-First,2026-07-30T21:58:51.644838,0.9983,0.9989,0.9994287581003757,0.9333333333333333,17505,169.9398660002771,fb2498d41e6e010e,30,28,0,0.9533161953727507,0.9999428734647243,9999
2,MFT-First,2026-07-30T21:58:51.817086,0.9983,0.9989,0.9994287581003757,0.9333333333333333,17505,170.45636100010597,fb2498d41e6e010e,30,28,0,0.9533161953727507,0.9999428734647243,9999
3,MFT-First,2026-07-30T21:58:51.986124,0.9983,0.9989,0.9994287581003757,0.9333333333333333,17505,167.29601900078706,fb2498d41e6e010e,30,28,0,0.9533161953727507,0.9999428734647243,9999
4,MFT-First,2026-07-30T21:58:52.154725,0.9983,0.9989,0.9994287581003757,0.9333333333333333,17505,166.83629200088035,fb2498d41e6e010e,30,28,0,0.9533161953727507,0.9999428734647243,9999
5,MFT-First,2026-07-30T21:58:52.324875,0.9983,0.9989,0.9994287581003757,0.9333333333333333,17505,168.40752999996766,fb2498d41e6e010e,30,28,0,0.9533161953727507,0.9999428734647243,9999
6,MFT-First,2026-07-30T21:58:52.495403,0.9983,0.9989,0.9994287581003757,0.9333333333333333,17505,168.76636699998926,fb2498d41e6e010e,30,28,0,0.9533161953727507,0.9999428734647243,9999
7,MFT-First,2026-07-30T21:58:52.669098,0.9983,0.9989,0.9994287581003757,0.9333333333333333,17505,171.971895999377,fb2498d41e6e010e,30,28,0,0.9533161953727507,0.9999428734647243,9999
8,MFT-First,2026-07-30T21:58:52.841925,0.9983,0.9989,0.9994287581003757,0.9333333333333333,17505,171.08397199990577,fb2498d41e6e010e,30,28,0,0.9533161953727507,0.9999428734647243,9999
9,MFT-First,2026-07-30T21:58:53.012315,0.9983,0.9989,0.9994287581003757,0.9333333333333333,17505,168.6708079996606,fb2498d41e6e010e,30,28,0,0.9533161953727507,0.9999428734647243,9999
10,MFT-First,2026-07-30T21:58:53.181679,0.9983,0.9989,0.9994287581003757,0.9333333333333333,17505,167.64229199907277,fb2498d41e6e010e,30,28,0,0.9533161953727507,0.9999428734647243,9999
11,MFT-First,2026-07-30T21:58:53.354106,0.9983,0.9989,0.9994287581003757,0.9333333333333333,17505,170.65680499945302,fb2498d41e6e010e,30,28,0,0.9533161953727507,0.9999428734647243,9999
12,MFT-First,2026-07-30T21:58:53.525772,0.9983,0.9989,0.9994287581003757,0.9333333333333333,17505,169.87076899931708,fb2498d41e6e010e,30,28,0,0.9533161953727507,0.9999428734647243,9999
13,MFT-First,2026-07-30T21:58:53.697687,0.9983,0.9989,0.9994287581003757,0.9333333333333333,17505,170.12716799945338,fb2498d41e6e010e,30,28,0,0.9533161953727507,0.9999428734647243,9999
14,MFT-First,2026-07-30T21:58:53.870521,0.9983,0.9989,0.9994287581003757,0.9333333333333333,17505,171.09599899958994,fb2498d41e6e010e,30,28,0,0.9533161953727507,0.9999428734647243,9999
15,MFT-First,2026-07-30T21:58:54.039922,0.9983,0.9989,0.9994287581003757,0.9333333333333333,17505,167.66430000097898,fb2498d41e6e010e,30,28,0,0.9533161953727507,0.9999428734647243,9999
16,MFT-First,2026-07-30T21:58:54.210478,0.9983,0.9989,0.9994287581003757,0.9333333333333333,17505,168.81195899986778,fb2498d41e6e010e,30,28,0,0.9533161953727507,0.9999428734647243,9999
17,MFT-First,2026-07-30T21:58:54.381015,0.9983,0.9989,0.9994287581003757,0.9333333333333333,17505,168.78603199984354,fb2498d41e6e010e,30,28,0,0.9533161953727507,0.9999428734647243,9999
18,MFT-First,2026-07-30T21:58:54.553273,0.9983,0.9989,0.9994287581003757,0.9333333333333333,17505,170.51537000043027,fb2498d41e6e010e,30,28,0,0.9533161953727507,0.9999428734647243,9999
19,MFT-First,2026-07-30T21:58:54.725498,0.9983,0.9989,0.9994287581003757,0.9333333333333333,17505,170.49229000076593,fb2498d41e6e010e,30,28,0,0.9533161953727507,0.9999428734647243,9999
20,MFT-First,2026-07-30T21:58:54.896275,0.9983,0.9989,0.9994287581003757,0.9333333333333333,17505,169.00489599902357,fb2498d41e6e010e,30,28,0,0.9533161953727507,0.9999428734647243,9999
21,MFT-First,2026-07-30T21:58:55.065764,0.9983,0.9989,0.9994287581003757,0.9333333333333333,17505,167.73649399874557,fb2498d41e6e010e,30,28,0,0.9533161953727507,0.9999428734647243,9999
22,MFT-First,2026-07-30T21:58:55.234982,0.9983,0.9989,0.9994287581003757,0.9333333333333333,17505,167.4956619990553,fb2498d41e6e010e,30,28,0,0.9533161953727507,0.9999428734647243,9999
23,MFT-First,2026-07-30T21:58:55.405376,0.9983,0.9989,0.9994287581003757,0.9333333333333333,17505,168.6534809996374,fb2498d41e6e010e,30,28,0,0.9533161953727507,0.9999428734647243,9999
24,MFT-First,2026-07-30T21:58:55.578180,0.9983,0.9989,0.9994287581003757,0.9333333333333333,17505,171.09034399982193,fb2498d41e6e010e,30,28,0,0.9533161953727507,0.9999428734647243,9999
25,MFT-First,2026-07-30T21:58:55.759759,0.9983,0.9989,0.9994287581003757,0.9333333333333333,17505,179.8446109987708,fb2498d41e6e010e,30,28,0,0.9533161953727507,0.9999428734647243,9999
26,MFT-First,2026-07-30T21:58:55.930330,0.9983,0.9989,0.9994287581003757,0.9333333333333333,17505,168.84855299940682,fb2498d41e6e010e,30,28,0,0.9533161953727507,0.9999428734647243,9999
27,MFT-First,2026-07-30T21:58:56.098510,0.9983,0.9989,0.9994287581003757,0.9333333333333333,17505,166.47029600062524,fb2498d41e6e010e,30,28,0,0.9533161953727507,0.9999428734647243,9999
28,MFT-First,2026-07-30T21:58:56.269207,0.9983,0.9989,0.9994287581003757,0.9333333333333333,17505,168.967875000817,fb2498d41e6e010e,30,28,0,0.9533161953727507,0.9999428734647243,9999
29,MFT-First,2026-07-30T21:58:56.439844,0.9983,0.9989,0.9994287581003757,0.9333333333333333,17505,168.83711799891898,fb2498d41e6e010e,30,28,0,0.9533161953727507,0.9999428734647243,9999
30,MFT-First,2026-07-30T21:58:56.611899,0.9983,0.9989,0.9994287581003757,0.9333333333333333,17505,170.31663499983551,fb2498d41e6e010e,30,28,0,0.9533161953727507,0.9999428734647243,9999
1,Carving,2026-07-30T21:58:56.848609,0.008,0.0896,0.08963669931426307,0.06666666666666667,24232,234.32450099971902,43c00d2eda6ac544,3,2,28,0.3267657092549796,0.0003301419610431955,9999
2,Carving,2026-07-30T21:58:57.084975,0.008,0.0896,0.08963669931426307,0.06666666666666667,24232,234.60011299903272,43c00d2eda6ac544,3,2,28,0.3267657092549796,0.0003301419610431955,9999
3,Carving,2026-07-30T21:58:57.321932,0.008,0.0896,0.08963669931426307,0.06666666666666667,24232,235.1987750007538,43c00d2eda6ac544,3,2,28,0.3267657092549796,0.0003301419610431955,9999
4,Carving,2026-07-30T21:58:57.558386,0.008,0.0896,0.08963669931426307,0.06666666666666667,24232,234.70198500035622,43c00d2eda6ac544,3,2,28,0.3267657092549796,0.0003301419610431955,9999
5,Carving,2026-07-30T21:58:57.794002,0.008,0.0896,0.08963669931426307,0.06666666666666667,24232,233.87510599968664,43c00d2eda6ac544,3,2,28,0.3267657092549796,0.0003301419610431955,9999
6,Carving,2026-07-30T21:58:58.029454,0.008,0.0896,0.08963669931426307,0.06666666666666667,24232,233.68444400148292,43c00d2eda6ac544,3,2,28,0.3267657092549796,0.0003301419610431955,9999
7,Carving,2026-07-30T21:58:58.263000,0.008,0.0896,0.08963669931426307,0.06666666666666667,24232,231.78395600007207,43c00d2eda6ac544,3,2,28,0.3267657092549796,0.0003301419610431955,9999
8,Carving,2026-07-30T21:58:58.498058,0.008,0.0896,0.08963669931426307,0.06666666666666667,24232,233.25841000041692,43c00d2eda6ac544,3,2,28,0.3267657092549796,0.0003301419610431955,9999
9,Carving,2026-07-30T21:58:58.741102,0.008,0.0896,0.08963669931426307,0.06666666666666667,24232,241.28329899940582,43c00d2eda6ac544,3,2,28,0.3267657092549796,0.0003301419610431955,9999
10,Carving,2026-07-30T21:58:58.975177,0.008,0.0896,0.08963669931426307,0.06666666666666667,24232,232.32783300045412,43c00d2eda6ac544,3,2,28,0.3267657092549796,0.0003301419610431955,9999
11,Carving,2026-07-30T21:58:59.209323,0.008,0.0896,0.08963669931426307,0.06666666666666667,24232,232.3608200003946,43c00d2eda6ac544,3,2,28,0.3267657092549796,0.0003301419610431955,9999
12,Carving,2026-07-30T21:58:59.444033,0.008,0.0896,0.08963669931426307,0.06666666666666667,24232,232.9183820002072,43c00d2eda6ac544,3,2,28,0.3267657092549796,0.0003301419610431955,9999
13,Carving,2026-07-30T21:58:59.678171,0.008,0.0896,0.08963669931426307,0.06666666666666667,24232,232.39346700029273,43c00d2eda6ac544,3,2,28,0.3267657092549796,0.0003301419610431955,9999
14,Carving,2026-07-30T21:58:59.913497,0.008,0.0896,0.08963669931426307,0.06666666666666667,24232,233.5709749986563,43c00d2eda6ac544,3,2,28,0.3267657092549796,0.0003301419610431955,9999
15,Carving,2026-07-30T21:59:00.148206,0.008,0.0896,0.08963669931426307,0.06666666666666667,24232,232.9420959995332,43c00d2eda6ac544,3,2,28,0.3267657092549796,0.0003301419610431955,9999
16,Carving,2026-07-30T21:59:00.381849,0.008,0.0896,0.08963669931426307,0.06666666666666667,24232,231.90374200021324,43c00d2eda6ac544,3,2,28,0.3267657092549796,0.0003301419610431955,9999
17,Carving,2026-07-30T21:59:00.618439,0.008,0.0896,0.08963669931426307,0.06666666666666667,24232,234.820239000328,43c00d2eda6ac544,3,2,28,0.3267657092549796,0.0003301419610431955,9999
18,Carving,2026-07-30T21:59:00.852276,0.008,0.0896,0.08963669931426307,0.06666666666666667,24232,232.0938209995802,43c00d2eda6ac544,3,2,28,0.3267657092549796,0.0003301419610431955,9999
19,Carving,2026-07-30T21:59:01.087317,0.008,0.0896,0.08963669931426307,0.06666666666666667,24232,233.30620799970347,43c00d2eda6ac544,3,2,28,0.3267657092549796,0.0003301419610431955,9999
20,Carving,2026-07-30T21:59:01.321644,0.008,0.0896,0.08963669931426307,0.06666666666666667,24232,232.59855299875198,43c00d2eda6ac544,3,2,28,0.3267657092549796,0.0003301419610431955,9999
21,Carving,2026-07-30T21:59:01.555715,0.008,0.0896,0.08963669931426307,0.06666666666666667,24232,232.26552099913533,43c00d2eda6ac544,3,2,28,0.3267657092549796,0.0003301419610431955,9999
22,Carving,2026-07-30T21:59:01.790238,0.008,0.0896,0.08963669931426307,0.06666666666666667,24232,232.7863509999588,43c00d2eda6ac544,3,2,28,0.3267657092549796,0.0003301419610431955,9999
23,Carving,2026-07-30T21:59:02.025671,0.008,0.0896,0.08963669931426307,0.06666666666666667,24232,233.70524900019518,43c00d2eda6ac544,3,2,28,0.3267657092549796,0.0003301419610431955,9999
24,Carving,2026-07-30T21:59:02.260204,0.008,0.0896,0.08963669931426307,0.06666666666666667,24232,232.74598100033472,43c00d2eda6ac544,3,2,28,0.3267657092549796,0.0003301419610431955,9999
25,Carving,2026-07-30T21:59:02.493869,0.008,0.0896,0.08963669931426307,0.06666666666666667,24232,231.91676100032055,43c00d2eda6ac544,3,2,28,0.3267657092549796,0.0003301419610431955,9999
26,Carving,2026-07-30T21:59:02.729113,0.008,0.0896,0.08963669931426307,0.06666666666666667,24232,233.437535000121,43c00d2eda6ac544,3,2,28,0.3267657092549796,0.0003301419610431955,9999
27,Carving,2026-07-30T21:59:02.964584,0.008,0.0896,0.08963669931426307,0.06666666666666667,24232,233.73036200064234,43c00d2eda6ac544,3,2,28,0.3267657092549796,0.0003301419610431955,9999
28,Carving,2026-07-30T21:59:03.198369,0.008,0.0896,0.08963669931426307,0.06666666666666667,24232,232.0507100012037,43c00d2eda6ac544,3,2,28,0.3267657092549796,0.0003301419610431955,9999
29,Carving,2026-07-30T21:59:03.434589,0.008,0.0896,0.08963669931426307,0.06666666666666667,24232,234.44536500028335,43c00d2eda6ac544,3,2,28,0.3267657092549796,0.0003301419610431955,9999
30,Carving,2026-07-30T21:59:03.668611,0.008,0.0896,0.08963669931426307,0.06666666666666667,24232,232.26789900036238,43c00d2eda6ac544,3,2,28,0.3267657092549796,0.0003301419610431955,9999
